fips,B19001_002E,B19001_003E,B19001_004E,B19001_005E,B19001_006E,B19001_007E,B19001_008E,B19001_009E,B19001_010E,B19001_011E,B19001_012E,B19001_013E,B19001_014E,B19001_015E,B19001_016E,B19001_017E
24001000100,101,97,81,105,76,126,67,51,80,202,136,159,113,18,8,0
24001000200,94,80,127,36,60,58,37,73,44,122,95,138,119,32,40,17
24001000300,86,167,37,103,51,213,72,38,12,76,109,118,39,22,10,7
24001000400,87,77,95,53,108,89,89,55,87,90,80,95,157,64,14,18
24001000500,298,157,75,41,63,48,42,6,43,93,40,35,37,36,8,0
24001000600,149,77,84,144,127,48,41,21,80,135,123,152,67,11,0,21
24001000700,187,167,132,181,175,90,57,127,69,120,77,126,58,0,0,0
24001000800,138,164,53,41,91,66,71,12,40,64,69,19,33,32,6,14
24001001000,160,139,205,108,125,64,84,26,33,23,60,83,20,0,0,15
24001001100,118,108,94,61,28,20,22,35,23,42,75,77,45,17,14,21
24001001200,83,32,35,45,67,86,45,38,34,116,104,159,116,116,86,45
24001001300,49,59,141,90,54,10,11,61,34,71,105,102,81,11,9,31
24001001401,52,76,57,103,125,83,86,82,46,120,107,316,147,108,89,44
24001001402,35,55,68,31,33,15,29,37,47,49,132,37,24,26,17,0
24001001502,36,75,38,102,54,40,38,52,4,74,99,56,54,6,3,27
24001001503,41,21,62,94,38,33,23,34,78,125,33,91,84,29,23,0
24001001600,27,28,30,42,113,106,35,7,38,89,101,83,67,4,25,24
24001001700,358,274,185,20,33,65,130,25,74,150,288,175,45,107,83,0
24001001800,311,167,147,204,67,51,124,29,124,151,128,147,62,0,38,30
24001001900,26,40,16,55,90,82,70,59,46,197,178,84,35,23,2,11
24001002000,219,50,110,240,127,208,90,152,50,118,187,220,227,104,76,73
24001002100,106,52,100,109,80,101,102,107,96,130,132,110,72,37,16,2
24001002200,170,121,63,61,90,59,126,59,38,90,190,280,83,27,24,19
24003701101,32,47,39,39,9,27,22,47,28,98,113,87,196,132,319,306
24003701102,54,26,117,36,15,149,90,98,68,229,293,471,392,222,437,246
24003701200,30,53,60,25,67,53,47,75,181,223,315,473,299,462,295,499
24003701300,18,53,32,57,60,116,143,73,75,26,84,467,372,306,231,475
24003701400,22,31,0,0,87,6,55,29,0,0,120,163,153,67,150,346
24003702100,33,17,16,30,33,24,19,88,65,110,214,310,503,266,273,470
24003702204,30,9,20,20,45,0,25,46,71,14,111,121,245,186,266,376
24003702205,72,0,48,14,42,13,54,62,86,173,397,304,362,264,229,135
24003702206,14,0,0,16,17,61,23,28,47,60,381,465,381,355,397,117
24003702208,22,0,0,0,14,41,16,46,127,268,244,333,341,362,462,304
24003702209,121,0,0,11,0,0,94,0,49,21,58,111,135,188,278,440
24003702300,33,32,6,25,35,22,39,27,17,112,118,271,218,209,201,549
24003702402,59,14,165,93,122,55,58,96,79,113,156,543,545,315,320,381
24003702500,205,0,119,93,60,15,21,107,41,246,342,179,293,189,192,142
24003702601,93,58,30,28,71,0,99,61,23,109,182,264,293,243,352,267
24003702602,69,2,71,42,39,60,0,27,31,66,153,257,245,232,390,531
24003702701,61,0,16,32,27,42,36,79,36,118,257,598,419,181,100,227
24003702702,69,13,0,29,11,26,11,42,0,38,119,100,111,178,242,442
24003706101,114,83,107,45,62,45,87,89,77,101,97,135,157,145,103,330
24003706301,142,82,39,92,40,49,79,108,72,237,228,275,268,177,119,240
24003706302,41,14,106,62,70,34,84,54,36,77,125,321,276,93,173,218
24003706401,46,0,87,144,82,0,170,63,15,289,412,533,228,132,137,94
24003706402,181,99,135,94,35,48,53,17,68,65,100,123,188,90,62,81
24003706500,157,79,109,113,50,102,74,118,19,218,205,307,326,154,117,230
24003706600,87,102,84,106,69,21,38,117,83,107,103,237,216,157,301,263
24003706700,4,3,0,0,0,0,0,5,0,12,44,17,39,24,46,41
24003707001,60,44,35,43,154,81,51,22,21,225,220,356,266,257,221,354
24003707002,0,30,83,22,27,40,58,54,23,122,130,356,314,231,185,146
24003708001,49,31,35,20,32,53,49,42,93,69,113,155,173,142,171,207
24003708004,102,46,148,118,47,134,128,69,57,230,178,297,73,221,99,275
24003730100,47,35,8,93,171,80,82,84,69,158,197,693,364,257,230,131
24003730203,243,107,133,209,85,255,69,132,18,282,161,343,74,12,42,29
24003730204,50,54,53,92,117,86,81,175,76,126,218,291,217,187,168,125
24003730300,180,0,69,48,31,33,11,19,63,71,189,194,141,62,40,30
24003730401,104,68,80,102,36,115,62,32,68,173,250,210,103,229,88,57
24003730402,201,201,105,184,123,74,64,84,68,245,334,304,204,152,65,47
24003730502,96,107,0,114,152,72,115,16,66,123,150,350,315,252,279,152
24003730504,32,7,43,61,97,157,145,67,297,258,208,434,360,361,244,133
24003730505,113,50,152,95,214,151,129,167,40,197,248,359,76,86,18,0
24003730506,127,90,61,164,98,346,176,126,93,183,115,282,96,14,25,36
24003730601,56,15,41,61,16,13,43,33,15,46,140,275,269,247,349,675
24003730603,9,33,80,0,45,23,27,0,42,29,46,95,168,92,93,226
24003730604,12,23,16,38,46,28,11,39,51,95,58,310,193,349,359,494
24003730700,13,12,65,121,64,64,34,52,37,115,246,300,207,211,403,578
24003730800,6,28,0,28,17,14,0,8,24,13,56,90,128,106,140,229
24003730901,11,8,4,15,29,25,5,30,45,68,25,99,148,50,115,167
24003730902,24,45,9,7,16,59,17,43,41,25,115,126,151,105,218,397
24003731002,0,0,19,36,27,22,11,0,0,42,170,175,226,124,201,134
24003731003,0,37,9,14,12,12,34,64,32,96,201,249,257,160,252,161
24003731004,87,45,58,34,50,0,56,0,56,18,169,265,257,133,193,137
24003731102,78,13,54,26,72,59,71,90,67,192,368,356,440,308,321,409
24003731103,96,18,0,9,43,20,15,57,67,121,142,290,240,189,263,185
24003731104,0,0,0,29,17,31,51,48,25,73,111,295,152,201,225,157
24003731105,8,55,25,35,30,40,26,64,31,49,178,165,173,91,200,86
24003731201,84,18,94,0,64,53,34,55,55,178,55,253,270,219,333,501
24003731202,55,138,52,121,81,96,9,21,56,169,372,312,328,267,267,260
24003731203,113,60,11,65,33,12,91,87,89,209,220,401,299,339,253,302
24003731204,30,78,77,62,163,82,12,55,127,247,150,173,416,240,168,222
24003731303,80,58,29,90,41,35,29,36,70,54,212,437,433,253,372,295
24003731306,57,101,96,48,126,49,33,45,16,141,166,324,245,183,256,430
24003731307,84,16,38,27,17,40,0,69,85,153,500,482,283,169,286,134
24003731308,76,25,26,83,30,36,17,23,50,180,151,229,184,90,83,56
24003731309,11,43,86,25,108,68,29,95,11,162,380,290,195,169,77,134
24003731310,9,37,18,18,16,45,15,41,56,60,189,376,225,209,342,53
24003731311,111,29,31,46,40,44,50,48,55,116,336,415,418,478,399,178
24003740102,135,40,81,104,44,30,71,62,62,257,100,444,369,144,527,330
24003740103,152,21,0,78,17,77,79,34,0,230,244,507,593,359,341,227
24003740104,222,30,13,65,141,88,19,79,64,277,205,369,232,503,358,136
24003740105,84,17,24,21,36,29,32,55,90,177,192,99,57,112,70,22
24003740201,213,81,141,88,105,76,41,178,33,275,285,324,245,141,310,213
24003740203,23,31,0,11,42,40,21,44,10,57,168,277,177,244,276,359
24003740303,20,13,8,82,58,60,68,68,48,163,115,257,185,130,178,105
24003740304,124,69,22,33,52,0,29,65,72,100,160,166,226,57,229,128
24003740305,52,42,129,21,126,20,0,230,90,417,443,775,537,376,399,341
24003740400,0,0,0,0,0,0,0,0,0,0,0,0,0,0,0,0
24003740500,25,39,0,93,46,113,193,56,230,165,321,513,763,578,564,321
24003740601,21,0,44,68,92,104,102,125,37,116,268,222,151,47,44,16
24003740602,11,0,31,55,7,46,119,132,64,167,173,84,126,35,25,7
24003740603,0,5,3,0,12,12,9,0,16,29,12,26,8,36,41,17
24003740701,115,11,127,111,0,49,77,113,85,49,250,401,441,300,234,314
24003740702,131,13,193,23,68,120,109,228,26,162,191,567,538,411,482,622
24003740800,20,26,11,23,38,34,61,37,73,96,94,229,228,193,179,185
24003740900,53,95,0,73,9,164,163,83,68,112,163,403,264,273,344,219
24003741000,0,6,21,10,11,11,24,0,52,17,33,150,102,60,114,164
24003750101,105,101,98,20,38,114,77,106,77,107,186,252,54,72,51,8
24003750102,33,6,72,11,41,65,98,38,55,146,72,162,17,26,13,37
24003750201,40,43,96,28,54,61,49,55,17,48,111,172,217,23,47,8
24003750202,120,42,46,55,57,85,66,34,43,64,33,207,173,53,93,18
24003750203,0,27,36,16,15,6,35,25,5,78,60,130,68,9,31,0
24003750300,15,20,50,33,38,41,98,64,21,57,211,137,86,75,70,12
24003750400,38,32,42,21,62,45,67,36,20,164,175,149,161,218,206,132
24003750801,61,39,28,58,75,56,176,92,34,100,239,309,230,293,103,67
24003750803,140,133,170,91,70,148,209,97,85,348,449,347,287,73,104,124
24003750804,62,53,30,97,59,74,89,25,48,88,249,360,99,107,52,53
24003750900,69,77,34,49,71,46,26,57,75,58,162,160,158,101,71,23
24003751000,72,21,52,43,134,50,45,128,30,169,190,229,178,53,46,0
24003751102,46,83,53,33,55,68,73,72,131,205,175,338,159,96,18,35
24003751103,57,29,71,105,39,26,125,113,43,255,266,247,260,215,101,166
24003751200,175,35,48,48,56,45,26,89,69,116,56,93,241,161,187,46
24003751400,36,36,82,14,48,31,19,28,58,81,110,172,184,121,217,250
24003751500,0,106,0,132,30,61,154,156,95,316,404,340,254,117,190,120
24003751600,97,38,120,88,113,91,80,99,116,192,231,434,225,91,187,230
24003751700,7,19,11,6,18,16,25,0,4,3,24,164,52,83,146,358
24003980000,0,0,0,0,0,0,0,0,0,0,0,0,4,0,0,0
24003990000,0,0,0,0,0,0,0,0,0,0,0,0,0,0,0,0
24005400100,192,179,92,142,136,122,105,85,60,263,266,191,288,40,115,43
24005400200,14,8,54,16,69,87,38,75,6,110,113,182,154,26,37,55
24005400400,140,0,37,30,55,56,24,24,88,176,112,237,200,320,231,356
24005400500,10,19,6,0,14,5,6,17,12,17,33,103,103,111,187,166
24005400600,67,105,8,117,32,27,59,16,54,12,155,231,101,34,126,47
24005400701,19,9,40,79,13,49,50,77,94,162,131,132,158,83,58,24
24005400702,10,10,6,24,10,31,38,62,17,49,47,164,134,50,26,11
24005400800,66,22,36,30,15,36,50,10,30,142,146,194,112,70,100,0
24005400900,67,9,39,77,15,85,25,57,27,36,45,69,43,54,85,40
24005401000,0,30,26,31,19,40,61,20,75,96,25,141,41,59,64,80
24005401101,55,45,80,94,123,52,92,88,152,204,523,440,141,171,9,23
24005401102,60,21,49,22,0,16,0,55,20,34,32,63,54,34,6,0
24005401200,14,81,27,16,66,86,24,116,16,152,155,231,105,77,46,13
24005401301,56,14,70,42,23,75,76,23,39,178,239,217,121,107,36,24
24005401302,82,32,78,119,34,107,87,163,67,119,137,178,11,43,28,9
24005401400,27,3,6,11,3,3,15,11,33,23,15,116,74,60,58,91
24005401503,44,36,46,91,58,58,71,146,77,209,273,383,245,382,207,367
24005401504,63,14,44,16,35,0,16,101,73,183,247,428,231,234,297,210
24005401505,149,113,79,34,25,28,11,94,46,40,170,269,271,77,119,7
24005401506,35,56,12,45,124,40,22,43,79,182,296,442,211,264,36,16
24005401507,128,74,108,21,112,79,65,187,149,278,264,449,101,83,31,0
24005402201,37,14,16,22,34,67,0,17,31,69,75,191,217,151,179,89
24005402202,0,10,19,22,0,0,10,15,12,18,36,54,101,29,162,71
24005402302,41,61,0,31,118,56,82,76,76,211,224,234,224,116,130,70
24005402303,117,98,59,44,16,171,49,111,180,281,224,496,236,132,272,28
24005402304,51,92,89,36,42,23,109,80,42,155,222,188,175,58,21,19
24005402305,76,23,84,41,52,37,24,77,77,47,64,73,100,32,7,16
24005402306,115,84,68,54,106,33,110,81,130,66,190,253,134,42,47,16
24005402307,100,118,66,67,182,116,414,141,117,376,322,221,236,91,25,12
24005402403,94,14,38,32,19,11,58,94,50,22,84,170,63,9,27,30
24005402404,291,0,235,114,174,173,188,22,175,157,141,146,157,164,97,33
24005402405,33,45,50,46,89,70,82,42,38,192,187,92,227,88,10,59
24005402406,70,80,168,130,100,135,118,189,270,413,309,414,239,63,69,26
24005402407,18,21,6,44,46,29,0,31,0,45,91,147,63,65,15,0
24005402503,178,130,108,109,71,128,66,97,26,81,210,310,134,71,86,42
24005402504,47,0,20,44,85,84,35,45,32,85,97,273,164,105,252,168
24005402505,16,20,103,29,153,66,47,106,68,110,109,219,109,29,92,0
24005402506,26,17,74,55,22,44,89,32,126,119,210,174,207,101,83,73
24005402509,139,75,17,77,61,188,154,132,155,456,533,591,533,232,515,181
24005402602,55,19,9,7,33,12,42,8,10,68,34,215,68,13,42,64
24005402603,17,77,54,36,68,31,39,16,40,144,181,478,390,212,286,123
24005402604,111,46,79,19,32,9,278,37,25,203,237,249,241,232,210,86
24005403100,12,24,17,74,18,65,30,38,45,52,139,110,84,117,49,6
24005403201,58,50,63,41,32,53,7,69,22,185,108,155,66,78,82,16
24005403202,50,14,0,29,24,60,75,26,15,69,125,94,130,26,48,33
24005403300,28,22,20,23,31,63,24,69,25,145,105,155,140,18,7,49
24005403401,98,102,153,88,81,21,76,92,133,228,131,212,271,63,48,20
24005403402,296,159,160,142,123,140,95,45,79,143,183,171,105,48,50,84
24005403500,47,80,87,91,70,56,42,44,43,75,206,240,140,142,201,205
24005403601,0,40,31,41,131,96,74,84,61,130,171,301,203,220,242,234
24005403602,152,66,50,10,31,31,90,28,52,315,326,459,209,107,169,243
24005403701,127,91,73,134,100,128,111,112,59,147,382,618,274,181,123,445
24005403702,93,20,73,119,23,76,63,172,18,117,308,281,310,103,90,55
24005403801,29,23,7,15,0,19,11,12,12,17,26,25,43,33,124,241
24005403802,37,15,9,20,41,21,26,8,0,0,45,112,65,49,228,437
24005403803,9,36,55,78,27,48,28,48,75,41,99,149,157,144,150,359
24005404101,66,0,0,24,52,87,69,61,120,129,195,337,320,293,238,115
24005404102,41,55,36,156,72,20,74,132,132,400,235,302,179,141,97,62
24005404201,172,0,101,44,137,31,144,71,142,224,245,355,242,86,194,162
24005404202,161,77,64,95,135,113,96,204,144,465,415,313,196,130,34,76
24005404402,28,14,12,39,69,24,29,29,6,144,141,417,244,230,261,523
24005404403,154,113,142,128,54,161,73,68,140,69,204,204,132,157,150,61
24005404404,48,143,62,72,96,129,26,72,117,141,154,247,222,138,137,50
24005404501,194,75,84,89,49,91,144,50,70,185,366,349,254,157,112,39
24005404502,178,32,97,58,46,97,42,74,104,150,260,191,52,10,84,12
24005404600,27,0,38,60,54,34,39,16,27,84,69,120,98,99,86,116
24005404800,15,5,13,7,4,4,4,40,29,26,54,95,61,112,105,132
24005404900,95,166,112,54,43,40,36,34,17,48,64,155,173,161,219,513
24005405000,58,31,75,84,79,61,40,57,79,55,128,314,130,117,142,225
24005406000,26,18,38,82,10,62,46,35,32,114,103,245,264,256,331,233
24005407001,48,29,0,10,11,16,28,17,102,107,77,130,163,81,142,200
24005407002,27,40,0,88,35,116,39,34,61,133,247,196,246,260,255,213
24005408100,73,18,35,57,76,137,49,116,62,210,217,271,323,214,314,356
24005408200,13,0,0,5,0,11,46,0,35,48,78,34,42,58,154,216
24005408302,40,27,17,11,29,41,78,28,32,82,138,77,204,98,77,285
24005408303,36,0,0,12,12,0,0,32,8,60,58,79,167,114,121,483
24005408304,77,49,124,113,73,13,75,27,108,163,211,338,173,136,153,409
24005408400,37,2,5,38,0,6,4,31,16,44,32,76,47,18,18,27
24005408502,45,75,89,63,38,181,15,29,132,102,171,233,165,214,386,401
24005408503,9,73,60,95,7,74,163,62,74,124,169,143,156,53,18,19
24005408505,92,25,37,53,26,97,42,16,46,68,150,252,210,72,283,116
24005408506,234,34,104,162,85,50,163,113,72,224,250,512,121,155,23,28
24005408507,126,27,95,162,134,168,120,224,64,237,507,384,460,56,114,14
24005408601,24,15,72,54,105,36,34,61,0,117,105,271,162,182,142,100
24005408602,15,11,31,11,35,40,31,36,0,47,57,123,108,102,92,83
24005408702,0,12,10,23,64,14,60,19,14,54,87,191,100,69,203,77
24005408703,78,60,14,77,38,115,49,122,41,179,404,537,168,345,266,325
24005408704,27,18,22,15,46,36,56,46,36,74,139,184,160,247,370,522
24005408800,52,23,20,48,61,19,38,28,11,81,108,78,103,125,56,105
24005408900,49,15,43,37,92,24,10,31,6,56,95,125,81,103,166,169
24005410100,59,34,14,66,41,33,17,13,48,27,100,202,263,162,272,618
24005410200,91,0,8,8,0,15,45,44,54,57,92,184,226,126,272,371
24005411101,20,6,33,16,34,6,25,18,7,66,29,124,97,73,82,108
24005411102,40,30,27,10,35,26,61,64,10,117,120,145,132,117,133,116
24005411201,9,59,7,0,11,33,43,64,0,142,137,114,179,92,109,192
24005411202,18,24,79,47,73,51,17,42,66,41,42,168,189,172,180,205
24005411302,46,98,16,39,26,42,41,21,47,130,28,83,89,110,197,148
24005411303,118,124,99,85,73,129,45,125,69,244,224,306,270,200,189,251
24005411306,0,0,69,79,131,60,59,105,69,241,388,500,148,186,175,31
24005411307,19,0,77,10,60,106,73,72,59,111,288,210,227,93,59,0
24005411308,19,26,51,21,33,28,25,65,52,90,139,298,147,122,141,50
24005411309,107,69,26,98,62,38,130,149,121,224,359,378,249,330,490,315
24005411404,10,9,37,9,15,27,40,77,64,91,165,218,132,184,167,116
24005411406,36,65,25,64,68,28,40,31,76,106,85,309,151,252,230,86
24005411407,214,269,232,213,368,351,287,206,228,383,480,553,432,237,229,7
24005411408,108,17,0,57,98,44,199,111,77,140,165,224,142,39,41,43
24005411409,61,54,9,8,8,56,23,81,27,109,203,212,408,191,215,102
24005411410,30,54,61,23,37,30,41,86,114,217,183,291,134,164,217,60
24005420100,48,103,12,57,74,90,90,167,39,86,148,306,70,37,30,16
24005420200,78,86,53,81,83,43,83,100,77,110,103,109,59,20,24,5
24005420301,31,61,90,23,24,124,17,59,108,171,91,183,27,19,28,0
24005420302,42,30,9,25,47,21,66,38,67,161,217,122,41,21,58,0
24005420303,31,10,33,28,5,14,9,18,13,61,76,103,51,35,10,0
24005420401,29,42,90,89,48,17,235,54,90,414,238,493,149,65,67,14
24005420402,53,12,11,32,37,27,45,77,33,83,91,147,62,57,33,13
24005420500,68,48,77,96,72,113,42,74,47,79,190,169,177,11,41,9
24005420600,118,66,59,160,89,59,97,48,103,70,167,219,106,7,71,0
24005420701,36,91,38,78,104,138,99,87,58,120,96,96,45,43,24,19
24005420702,44,51,25,61,38,53,27,45,13,37,53,139,154,28,21,0
24005420800,78,79,60,85,63,43,49,50,66,120,198,110,108,81,41,27
24005420900,305,117,87,94,75,59,47,46,98,109,116,171,94,47,0,0
24005421000,169,76,88,107,49,72,25,20,49,38,16,91,0,40,11,0
24005421101,61,100,56,62,73,127,142,53,73,101,117,214,69,42,11,18
24005421102,47,52,52,42,39,74,33,114,42,82,102,154,64,53,0,0
24005421200,41,61,35,82,75,20,42,18,6,84,12,89,63,77,11,12
24005421300,217,92,47,149,46,95,65,62,39,99,45,69,46,52,37,0
24005430101,83,43,134,102,149,99,49,140,84,171,316,111,35,0,0,0
24005430104,58,31,84,41,56,8,38,62,24,149,77,125,102,50,44,14
24005430200,126,92,110,83,43,32,45,18,76,80,76,121,98,35,54,0
24005430300,247,92,81,121,126,73,108,117,163,217,353,63,194,54,0,0
24005430400,49,53,97,59,26,31,164,41,94,189,209,205,199,84,107,47
24005430600,0,29,41,40,16,55,30,39,31,26,142,160,134,52,68,41
24005430700,68,14,51,48,73,62,96,73,109,142,211,362,215,193,135,45
24005430800,19,46,53,61,105,46,87,45,62,135,99,395,210,33,48,18
24005430900,13,107,127,75,165,117,139,89,69,201,300,309,162,130,25,0
24005440100,124,77,67,53,64,72,9,68,56,119,267,285,179,152,134,48
24005440200,54,52,44,47,41,60,20,44,69,145,93,150,107,49,61,33
24005440300,40,0,43,27,70,94,52,64,25,109,139,122,124,8,43,12
24005440400,62,36,0,37,99,162,64,153,86,249,323,279,299,193,13,13
24005440500,48,62,145,62,40,0,63,88,24,103,124,210,137,34,77,34
24005440600,10,18,5,17,15,13,0,22,17,27,47,113,133,98,115,60
24005440701,168,0,128,192,110,139,184,132,137,123,377,280,105,92,179,65
24005440702,0,87,63,169,22,101,28,190,91,180,197,463,299,193,57,97
24005440800,55,9,33,50,64,37,89,165,21,88,129,201,125,107,57,73
24005440900,100,103,52,35,49,100,112,122,59,49,117,190,138,105,46,21
24005441000,49,30,22,52,43,35,132,98,53,135,111,158,121,67,40,22
24005441101,47,29,36,20,45,29,41,63,43,23,60,142,87,89,39,18
24005441102,112,68,68,46,74,77,70,84,68,117,243,295,123,167,118,54
24005450100,83,87,149,114,39,130,58,87,122,195,152,97,165,66,0,19
24005450200,106,8,68,41,35,110,114,62,74,105,208,165,104,48,43,23
24005450300,29,83,65,79,66,22,63,38,47,160,132,148,113,122,51,95
24005450400,61,28,24,19,40,30,72,0,24,36,116,145,80,32,38,11
24005450501,140,80,81,127,125,142,93,36,110,128,165,225,87,49,21,31
24005450503,190,34,53,39,103,317,309,48,110,259,164,233,141,55,6,0
24005450504,107,242,69,332,89,283,168,128,169,185,306,272,72,41,13,0
24005450800,187,76,109,67,52,44,129,50,57,61,169,221,53,49,44,42
24005450900,39,25,104,48,60,55,110,43,39,55,194,363,211,175,102,42
24005451000,35,48,26,23,12,20,4,28,10,32,100,65,113,35,30,80
24005451100,15,13,0,14,4,75,24,4,20,67,93,106,129,57,46,38
24005451200,42,78,37,70,44,96,55,89,44,132,234,244,258,75,61,17
24005451300,64,103,59,105,118,97,79,35,81,176,115,134,104,19,17,15
24005451401,42,78,40,39,15,78,32,75,14,69,137,157,146,97,104,64
24005451402,137,111,97,64,114,53,66,153,214,179,249,443,128,22,14,59
24005451500,42,74,24,35,52,114,106,41,120,143,197,224,41,63,30,45
24005451600,53,31,18,35,5,23,28,43,65,154,83,154,121,78,54,15
24005451701,48,0,34,18,67,50,30,100,18,89,95,163,84,64,67,22
24005451702,7,16,26,29,8,31,24,26,26,41,120,94,118,51,110,16
24005451801,100,105,215,64,30,16,57,53,64,134,175,502,92,179,74,131
24005451802,38,50,72,106,102,124,65,42,62,139,159,220,151,71,82,89
24005451803,57,67,63,78,106,85,64,99,123,59,196,260,218,110,115,60
24005451900,25,73,33,35,27,43,51,47,45,165,115,143,74,18,41,31
24005452000,61,45,55,54,60,8,30,30,58,161,24,180,110,49,15,23
24005452100,49,50,58,83,64,102,34,27,90,99,141,213,46,105,124,65
24005452300,59,85,99,70,85,58,0,89,36,103,244,182,27,7,0,0
24005452400,142,52,24,99,66,49,68,27,74,105,99,114,124,208,60,27
24005452500,28,56,92,65,51,87,61,65,102,128,220,160,112,16,12,36
24005490100,30,82,30,13,72,19,17,47,16,16,191,151,191,171,242,282
24005490200,54,20,35,31,17,32,25,0,111,78,65,191,182,82,59,68
24005490301,286,214,161,84,97,134,48,136,65,263,249,378,165,76,105,101
24005490302,106,37,54,37,51,49,59,21,80,148,124,158,137,108,117,52
24005490400,31,0,34,14,9,0,0,12,16,27,59,46,47,35,93,212
24005490500,39,9,9,32,35,19,28,56,41,57,115,183,154,90,197,412
24005490601,0,14,44,14,7,13,22,38,5,42,56,195,73,94,115,78
24005490602,142,19,61,34,25,23,62,29,32,110,164,178,128,85,105,94
24005490603,44,0,12,15,25,55,27,22,8,73,70,84,107,97,154,161
24005490605,61,11,9,0,11,0,0,4,0,7,0,0,0,0,0,0
24005490701,27,18,37,26,38,18,16,37,12,11,43,75,49,89,63,126
24005490703,36,34,56,82,67,19,46,26,29,47,124,148,221,139,85,115
24005490800,144,77,98,36,109,75,24,13,0,54,62,171,136,120,133,166
24005490900,214,199,109,135,86,61,60,76,113,280,195,235,144,120,85,64
24005491000,0,0,0,19,25,6,22,28,11,6,57,39,118,147,96,186
24005491100,37,18,21,29,60,45,144,60,10,102,75,159,183,153,186,110
24005491201,49,42,23,10,20,34,19,68,12,58,147,112,49,53,83,21
24005491202,22,22,17,16,43,54,51,16,11,48,87,176,85,100,21,7
24005491300,164,104,11,65,56,12,76,68,77,92,198,130,99,72,66,64
24005491401,317,108,35,79,218,127,212,129,240,218,258,200,144,64,0,38
24005491402,65,65,98,27,0,89,85,50,94,125,160,118,65,56,38,0
24005491500,85,95,119,106,137,118,32,65,97,151,116,236,166,46,23,38
24005491600,87,12,48,39,65,125,53,15,46,217,124,217,97,36,36,0
24005491701,78,50,33,81,26,72,41,59,160,93,173,247,254,92,137,67
24005491900,19,6,75,13,43,13,64,27,27,95,98,153,92,62,12,9
24005492001,11,21,7,10,26,0,73,125,13,40,65,46,64,71,10,0
24005492002,16,25,79,29,83,78,53,90,52,108,156,223,219,118,65,53
24005492101,52,53,117,64,131,62,109,93,106,88,204,174,159,32,52,19
24005492102,23,31,7,87,18,70,32,13,42,79,108,198,45,18,95,10
24005492200,244,75,66,59,29,51,100,65,98,221,190,417,150,51,56,69
24005492300,29,79,55,46,56,130,41,14,90,74,256,234,80,91,39,14
24005492401,22,89,0,40,24,34,10,53,0,69,138,265,271,106,250,58
24005492402,86,62,38,12,48,149,86,84,87,198,485,652,264,274,319,91
24005492500,0,6,0,0,27,0,11,0,0,0,0,0,0,0,0,0
24005492600,52,6,40,18,99,68,93,64,103,100,189,147,191,113,117,52
24005980000,0,0,0,0,0,0,0,0,0,0,0,0,0,0,0,0
24005980100,0,0,0,0,0,0,0,0,0,0,0,0,0,0,0,0
24005980200,0,0,0,0,0,0,0,0,0,0,0,0,0,0,0,0
24009860101,34,0,10,47,40,0,23,39,7,81,61,168,130,167,179,130
24009860102,11,9,3,60,29,48,16,6,9,40,96,156,84,115,149,148
24009860200,66,61,60,52,31,28,53,30,18,135,113,184,279,233,339,348
24009860300,16,0,29,49,17,17,21,31,35,89,64,192,206,99,217,223
24009860401,123,46,65,55,73,32,56,282,165,294,296,560,683,399,429,138
24009860402,22,9,28,15,18,0,35,60,73,83,145,163,156,196,67,104
24009860501,0,27,13,28,0,9,7,50,25,213,115,226,196,287,367,293
24009860502,18,24,43,39,10,20,23,30,29,52,123,206,120,109,221,71
24009860600,79,32,37,0,37,78,75,55,21,76,158,290,173,433,471,356
24009860701,57,66,50,58,40,46,0,14,6,18,62,125,91,124,78,120
24009860702,80,75,87,45,4,61,63,70,4,26,109,151,149,22,130,42
24009860703,13,26,0,129,70,55,24,33,56,54,162,212,124,118,131,79
24009860801,70,0,21,44,18,89,91,35,71,138,111,194,280,232,469,290
24009860802,51,43,79,21,32,32,17,70,75,76,159,228,301,128,239,133
24009860900,167,24,43,204,19,42,83,102,102,156,282,583,367,262,164,145
24009861001,10,10,23,3,4,4,3,9,31,11,26,85,95,40,84,41
24009861003,20,93,10,60,19,63,106,47,29,146,376,537,284,328,238,123
24009861004,0,0,88,77,0,125,93,112,63,129,401,302,311,256,341,61
24009990100,0,0,0,0,0,0,0,0,0,0,0,0,0,0,0,0
24011955000,72,70,80,75,50,93,28,46,37,96,164,175,72,24,16,0
24011955100,104,98,68,78,100,119,66,56,58,216,379,335,204,117,31,63
24011955201,78,45,26,72,129,36,60,28,53,104,188,175,118,93,88,42
24011955202,21,15,50,118,46,8,6,30,60,36,125,84,81,71,25,45
24011955301,24,68,9,0,73,37,62,59,12,146,214,178,154,76,94,47
24011955302,83,117,108,60,35,59,51,53,7,49,126,139,133,84,25,13
24011955400,14,11,42,50,38,34,25,43,22,83,58,147,115,70,65,18
24011955500,52,99,91,62,65,94,37,103,49,57,219,265,118,78,64,41
24011955600,264,120,126,80,74,153,91,50,169,113,127,205,57,48,29,30
24013501001,15,0,26,68,196,51,13,14,16,41,258,286,216,134,126,23
24013501002,98,53,89,106,100,117,58,50,84,100,298,301,203,135,100,68
24013502000,16,8,74,24,35,39,110,53,74,105,178,215,160,211,147,77
24013503000,35,70,117,37,146,33,87,151,62,129,248,298,250,224,157,46
24013504100,41,12,43,95,36,21,54,36,47,121,213,299,196,186,231,211
24013504201,97,71,29,0,24,116,104,77,80,89,265,287,272,123,253,333
24013504202,0,20,47,80,19,17,0,147,42,121,264,227,382,147,395,223
24013505101,0,27,73,0,31,8,23,11,14,37,111,154,191,168,353,196
24013505102,22,0,15,41,46,47,59,56,41,33,161,273,165,228,414,237
24013505203,14,21,31,19,19,23,18,21,0,74,92,165,238,42,160,94
24013505205,0,22,0,28,16,7,33,68,12,100,17,114,160,160,195,90
24013505206,37,7,72,20,38,37,46,75,39,60,22,241,100,188,203,142
24013505207,14,23,21,30,27,50,6,49,22,101,110,228,172,88,224,169
24013505208,49,49,60,102,180,24,64,57,55,193,122,406,351,291,205,70
24013506101,19,32,48,94,54,45,10,39,61,80,156,386,221,156,182,63
24013506102,37,21,0,52,18,25,112,44,87,38,51,291,222,143,82,165
24013506200,9,27,24,55,59,93,60,29,73,122,272,356,263,154,192,82
24013507500,40,25,58,22,35,28,13,76,36,73,89,203,123,54,158,74
24013507601,69,93,78,78,62,47,43,84,54,46,143,299,220,143,140,81
24013507602,122,58,141,121,66,128,51,52,138,55,153,237,146,100,111,21
24013507702,68,114,17,133,67,128,83,74,53,134,81,197,225,80,190,66
24013507703,59,27,118,51,87,28,23,11,66,74,137,113,133,125,151,51
24013507704,45,48,9,62,47,40,76,84,111,139,192,379,330,220,163,125
24013507801,284,180,134,73,89,147,84,47,138,92,295,176,279,110,131,58
24013507802,35,18,49,118,138,38,66,30,26,151,112,242,219,198,189,83
24013508101,44,27,96,64,18,35,55,70,28,109,193,245,302,171,115,63
24013508102,34,35,28,23,0,25,11,66,17,104,194,159,220,167,38,10
24013508200,101,70,54,55,118,145,123,45,25,187,240,578,152,231,295,89
24013509001,19,0,17,52,25,57,37,68,11,93,198,125,277,200,205,171
24013509002,18,7,0,55,46,51,37,12,72,96,155,78,98,126,87,86
24013510000,12,24,28,31,16,5,21,28,17,47,49,49,71,21,44,16
24013511000,25,28,20,21,52,50,55,65,17,60,192,281,173,74,100,100
24013512000,22,23,34,37,18,10,11,25,14,77,37,115,101,57,17,8
24013513001,83,91,118,112,0,51,78,51,136,54,124,251,171,126,227,111
24013513002,36,37,17,9,24,0,86,0,24,37,137,239,246,206,254,326
24013514100,26,5,33,0,9,57,38,6,45,64,93,177,179,85,188,176
24013514201,16,56,31,8,45,18,48,43,57,93,146,247,288,168,319,223
24013514202,35,29,45,16,0,22,41,90,36,82,74,108,101,89,209,299
24015030100,174,33,185,50,40,150,151,100,144,143,203,238,123,129,90,105
24015030200,40,170,48,39,49,64,128,69,19,101,189,437,229,187,144,78
24015030400,267,114,178,117,64,119,50,115,121,138,94,191,89,40,34,6
24015030501,59,0,66,47,64,49,44,50,99,100,191,231,183,117,146,54
24015030503,82,82,56,86,72,82,98,113,38,269,228,143,320,125,115,11
24015030505,32,20,48,107,28,57,99,173,39,104,145,198,95,25,29,97
24015030506,38,136,112,144,38,120,69,75,162,208,449,355,357,113,246,53
24015030601,39,10,35,115,21,102,23,26,31,195,142,289,107,125,133,51
24015030602,44,0,7,40,58,137,57,72,134,122,163,272,353,131,133,72
24015030700,26,19,10,45,39,81,27,62,95,167,266,222,194,198,121,119
24015030903,176,96,109,85,164,52,96,21,139,148,148,366,71,42,121,45
24015030904,114,47,14,14,101,88,123,16,132,145,207,366,392,270,260,201
24015030905,117,7,118,44,23,39,33,45,0,63,122,82,138,24,96,93
24015030906,193,103,287,211,129,41,120,162,123,200,309,485,329,218,242,68
24015031201,78,117,63,13,99,65,110,114,115,96,441,223,261,203,156,182
24015031202,130,194,229,89,67,43,96,46,31,70,155,342,188,169,71,106
24015031301,25,0,53,43,61,60,18,48,7,134,109,188,215,162,85,14
24015031302,60,154,114,164,137,115,165,58,54,125,338,440,333,189,101,75
24015031400,62,84,40,66,17,61,67,13,37,123,176,230,288,88,32,64
24017850101,94,63,0,60,27,0,31,31,75,289,148,367,214,290,204,84
24017850102,24,37,26,52,38,4,23,26,111,137,93,141,122,81,47,50
24017850201,0,4,0,18,0,23,17,21,5,10,45,37,29,5,0,7
24017850202,98,63,90,76,56,21,52,106,99,205,205,241,143,149,147,56
24017850300,21,6,20,23,31,85,10,35,0,45,86,65,55,77,101,70
24017850400,69,26,33,52,94,4,23,71,17,64,107,173,131,168,122,63
24017850500,29,0,39,16,0,9,20,40,55,53,31,131,209,73,175,107
24017850600,8,0,36,8,13,9,18,31,27,155,109,218,219,203,213,183
24017850706,127,16,8,0,0,57,30,56,10,0,28,303,155,197,275,323
24017850708,71,0,0,49,37,7,0,0,35,42,50,170,361,253,334,198
24017850709,106,0,71,92,58,36,156,51,72,150,293,595,250,329,60,91
24017850710,20,60,24,0,0,22,17,55,6,0,221,261,348,237,340,141
24017850711,102,19,40,11,65,98,41,50,61,184,255,374,214,104,136,87
24017850712,22,59,0,11,19,27,13,34,10,141,139,179,396,207,233,420
24017850713,98,0,13,31,21,29,0,17,54,148,209,283,457,167,497,304
24017850801,9,35,24,28,22,19,15,32,54,133,257,177,220,218,281,138
24017850802,40,34,79,10,7,27,150,83,71,123,159,255,166,48,104,101
24017850901,251,141,114,218,182,132,64,128,67,108,144,253,236,201,38,64
24017850902,38,6,39,53,32,62,29,9,52,221,207,341,407,102,108,37
24017850904,0,11,64,7,10,26,10,7,5,58,229,319,487,187,244,233
24017850905,48,25,0,12,25,34,22,16,54,78,209,381,339,148,197,76
24017850906,91,161,61,128,36,91,39,55,168,94,199,265,116,155,135,80
24017851001,29,0,62,51,44,26,23,6,32,44,24,214,126,136,131,74
24017851002,189,122,45,143,15,77,38,105,37,235,237,432,474,343,482,309
24017851100,17,0,64,12,42,38,16,51,18,83,59,166,149,70,118,105
24017851200,86,84,73,77,73,69,87,41,12,183,120,286,191,108,171,117
24017851301,7,0,0,52,32,17,52,7,49,15,162,179,149,253,306,227
24017851302,37,4,27,30,16,10,40,26,93,36,84,122,208,165,217,210
24017851400,93,16,71,37,14,75,14,31,38,69,109,417,300,233,515,670
24017851500,75,22,44,113,32,27,11,136,68,342,487,624,413,241,316,199
24017990000,0,0,0,0,0,0,0,0,0,0,0,0,0,0,0,0
24019970100,90,30,60,34,65,30,137,37,50,64,153,198,110,48,7,9
24019970200,126,112,84,67,73,107,85,67,127,155,293,242,123,137,78,30
24019970300,116,71,46,83,84,198,91,104,37,77,245,390,252,101,68,49
24019970400,121,83,129,170,81,111,46,147,115,92,103,131,37,72,7,52
24019970500,339,180,314,76,160,115,117,55,43,63,148,52,52,23,13,8
24019970600,126,162,154,163,112,85,144,132,85,140,166,173,117,61,44,8
24019970702,57,39,55,74,94,96,37,48,65,151,284,257,119,51,101,117
24019970804,41,17,23,30,14,36,22,62,14,67,89,118,74,42,45,34
24019970900,66,65,85,63,62,18,45,29,24,92,91,88,47,23,43,5
24019990000,0,0,0,0,0,0,0,0,0,0,0,0,0,0,0,0
24021740200,50,48,22,36,67,0,13,75,33,161,232,317,231,106,177,136
24021750100,29,13,94,75,5,17,38,39,10,21,76,150,48,5,18,27
24021750200,22,24,25,15,40,11,54,0,63,81,70,191,90,25,29,61
24021750300,166,64,25,26,56,51,12,14,20,152,137,26,37,25,4,0
24021750503,162,178,61,30,161,94,130,190,253,165,272,257,196,119,110,0
24021750504,112,81,126,102,80,34,54,151,66,211,280,419,235,82,140,58
24021750505,114,104,78,0,82,233,84,264,126,340,436,184,136,32,28,80
24021750506,8,13,11,41,0,52,0,65,29,115,157,138,101,181,203,81
24021750600,49,0,42,21,20,32,29,22,6,54,67,224,84,75,172,75
24021750701,39,32,22,17,21,59,38,38,56,226,241,279,286,164,216,87
24021750702,131,82,88,87,62,70,23,155,65,171,99,205,194,109,33,0
24021750801,89,81,13,97,125,68,161,96,47,115,115,152,188,53,56,0
24021750802,48,11,40,111,0,60,89,31,42,107,192,308,314,188,153,164
24021750803,125,40,17,81,13,149,16,62,90,186,254,275,554,150,216,137
24021751001,2,0,7,0,12,11,12,5,0,3,24,78,80,70,54,0
24021751002,12,131,66,35,23,97,89,12,56,160,262,277,176,94,308,93
24021751003,238,130,91,60,127,112,90,106,30,194,263,349,229,190,68,87
24021751004,15,0,7,8,90,60,30,41,47,40,98,316,230,140,417,111
24021751201,12,16,22,21,24,88,92,37,68,112,153,190,218,176,315,170
24021751202,61,58,0,141,95,80,69,81,52,154,258,284,188,331,356,170
24021751203,47,40,40,17,53,37,58,20,36,64,115,145,56,16,39,28
24021751301,68,11,15,9,36,30,45,56,16,96,175,172,130,141,53,177
24021751302,61,6,18,46,50,86,0,5,21,82,175,286,104,45,57,86
24021751600,8,19,11,42,19,11,52,42,19,139,100,216,129,44,93,50
24021751701,0,39,0,20,39,47,55,37,14,66,78,51,263,73,87,49
24021751702,145,9,63,40,32,0,15,13,35,84,131,136,105,243,251,109
24021751801,23,9,13,35,4,11,60,8,29,46,98,225,264,176,253,221
24021751802,38,0,30,27,14,96,63,0,42,52,56,105,164,118,228,221
24021751901,0,0,45,29,8,57,10,7,39,69,83,188,384,124,298,113
24021751902,52,137,51,92,78,79,45,14,70,78,71,315,313,104,342,222
24021751903,0,0,0,28,30,16,46,14,16,100,209,374,292,309,292,420
24021751904,29,39,11,8,43,12,21,0,37,109,60,135,126,93,139,236
24021752001,29,7,0,24,33,5,27,50,50,28,102,261,276,302,192,242
24021752101,0,0,0,36,12,0,31,0,32,36,76,77,114,212,179,279
24021752102,16,0,13,12,15,92,26,55,46,50,132,198,214,187,295,159
24021752201,7,9,0,9,15,21,68,34,25,16,128,112,50,93,94,136
24021752202,0,0,9,8,53,0,24,29,0,86,105,192,230,86,278,174
24021752204,31,19,10,16,34,12,19,9,87,30,54,228,170,314,374,462
24021752301,37,42,44,27,36,24,26,26,56,105,111,257,360,97,142,54
24021752302,35,39,8,21,74,20,53,15,58,46,263,122,191,229,222,170
24021752303,6,12,24,9,0,83,31,32,15,91,47,168,160,135,103,79
24021752501,91,17,36,73,63,49,36,3,90,102,178,233,219,191,357,115
24021752502,0,3,25,0,46,80,16,16,27,14,24,178,99,90,101,139
24021752601,16,8,26,58,11,57,16,6,32,57,89,154,191,202,259,196
24021752602,41,5,17,26,34,10,21,30,20,99,68,157,132,130,139,86
24021752603,0,0,0,0,15,11,80,3,19,82,111,171,321,183,92,218
24021752801,24,11,27,38,48,47,61,24,13,22,55,175,117,64,83,34
24021752802,45,17,9,22,33,43,14,48,31,93,116,217,129,105,178,98
24021752900,58,58,56,62,6,25,16,59,68,65,147,162,199,89,51,0
24021753001,85,30,33,113,88,67,101,44,39,105,153,236,346,200,120,39
24021753002,0,58,0,63,38,105,29,33,52,108,144,111,120,104,95,41
24021765100,21,34,146,66,73,22,73,97,120,161,167,304,155,65,51,31
24021766800,105,136,63,124,18,68,76,16,14,143,164,189,122,92,117,51
24021767500,9,40,48,18,21,76,39,38,17,11,227,241,151,15,65,29
24021767600,35,27,33,39,17,37,49,65,56,70,119,130,181,103,117,152
24021770700,23,34,18,56,41,28,23,70,64,90,95,157,189,133,168,129
24021772200,79,35,40,37,49,37,35,44,36,56,94,46,62,0,22,38
24021773500,7,43,172,36,0,33,34,0,66,123,179,279,197,214,80,133
24021775302,10,15,14,15,9,21,35,54,25,170,179,119,168,138,285,105
24021775400,86,17,96,138,62,83,97,68,48,161,78,311,143,63,35,12
24021775600,0,20,0,20,28,58,0,32,50,63,85,227,152,214,214,179
24023000100,149,89,149,101,113,81,73,65,73,160,189,182,90,59,29,14
24023000200,65,64,47,171,85,119,77,44,114,181,216,201,96,30,11,57
24023000300,83,87,53,28,19,114,78,74,70,59,141,144,140,8,5,11
24023000400,66,64,110,42,81,68,55,88,101,70,178,130,93,20,4,13
24023000500,49,114,155,95,84,128,85,39,81,49,78,214,173,116,94,156
24023000600,189,147,160,153,85,211,203,154,106,113,287,307,154,114,97,6
24023000700,322,262,157,128,95,93,106,138,152,211,103,217,163,81,36,23
24025301102,109,51,9,20,30,32,46,7,24,71,7,145,75,123,200,273
24025301105,21,16,30,29,0,12,36,10,0,179,153,371,114,182,202,31
24025301106,40,17,24,19,20,44,22,30,33,115,118,210,259,121,125,184
24025301107,100,58,63,52,97,51,28,9,34,122,251,207,197,56,30,62
24025301108,17,19,10,9,12,25,0,8,15,60,55,135,217,187,174,157
24025301201,11,26,5,27,16,23,33,19,28,103,95,117,88,126,73,10
24025301202,12,20,46,54,63,82,14,56,110,170,245,593,505,84,321,212
24025301204,76,0,0,0,39,85,0,15,43,190,214,323,171,237,107,50
24025301205,89,63,33,34,46,53,12,119,25,128,155,459,171,203,58,23
24025301301,94,83,23,119,38,81,23,58,50,170,232,200,211,133,160,62
24025301302,340,149,91,62,198,143,58,161,209,289,201,535,284,20,21,3
24025301401,191,70,83,85,83,161,161,164,129,319,394,418,449,211,143,113
24025301402,14,8,16,9,30,10,76,20,19,48,149,216,129,74,74,15
24025301601,211,171,142,158,113,189,229,77,128,222,275,389,80,44,0,16
24025301602,126,17,59,112,176,41,60,78,118,292,301,350,344,117,317,40
24025301702,175,167,14,26,121,82,46,112,98,484,374,439,340,297,338,140
24025301703,48,44,71,26,58,12,28,52,25,58,158,292,305,219,145,138
24025301704,42,0,7,29,25,33,65,33,111,152,264,282,242,65,29,38
24025302100,46,34,18,20,39,19,6,15,17,84,71,128,93,52,52,89
24025302200,61,43,27,13,31,33,29,78,80,84,48,148,114,99,75,30
24025302400,87,64,91,62,33,33,56,52,87,43,124,128,125,19,34,47
24025302801,80,35,66,54,41,114,55,35,41,152,103,149,191,89,161,75
24025302802,156,88,96,94,98,99,59,138,72,135,307,346,117,133,35,25
24025302901,251,41,107,95,31,68,88,72,12,60,52,66,33,44,0,12
24025302902,101,31,86,97,130,109,112,83,55,177,211,244,145,117,97,24
24025303101,16,37,82,30,27,0,77,113,15,92,239,309,193,290,210,221
24025303102,10,0,5,12,0,0,0,4,15,44,123,172,153,113,156,151
24025303201,48,60,18,42,15,45,63,17,60,107,105,341,340,142,197,277
24025303203,0,33,61,46,8,8,47,84,26,76,187,236,114,170,91,53
24025303204,31,9,44,94,81,84,81,58,99,110,172,246,159,102,199,125
24025303205,12,14,27,18,0,0,9,6,15,21,18,93,69,61,86,66
24025303206,24,14,0,27,7,37,58,9,41,89,155,159,127,89,140,135
24025303300,0,15,13,33,0,107,30,27,55,149,171,410,268,197,228,332
24025303400,6,9,10,59,40,54,10,26,29,131,116,187,218,205,235,106
24025303501,118,185,40,86,107,41,42,39,98,57,182,377,275,396,289,112
24025303502,0,0,0,27,24,22,8,33,83,102,71,315,191,184,163,107
24025303602,22,24,53,39,50,34,24,50,17,97,128,137,170,159,195,161
24025303603,11,10,36,35,84,21,11,32,0,62,156,281,391,324,381,331
24025303605,110,45,84,186,109,145,34,50,102,183,222,271,169,342,152,143
24025303606,10,0,0,0,20,0,0,0,21,42,22,147,224,125,215,224
24025303700,38,20,0,60,20,38,52,61,20,80,253,247,222,127,138,74
24025303801,51,0,10,36,29,118,41,42,65,43,123,167,179,74,82,53
24025303802,19,39,9,22,0,21,90,34,11,89,60,43,117,13,74,76
24025303803,119,85,43,27,65,107,51,106,42,244,235,316,239,175,166,95
24025303900,17,0,31,57,45,25,66,55,11,98,132,85,62,118,60,95
24025304101,40,29,61,12,0,45,32,48,38,147,171,272,287,98,114,138
24025304102,27,15,11,12,9,12,47,37,0,130,103,141,178,262,167,84
24025304201,0,56,0,24,11,54,42,49,43,60,147,190,406,329,375,302
24025304202,108,16,80,47,41,46,95,48,49,63,235,458,286,320,134,400
24025305100,53,36,75,48,170,124,39,104,101,144,272,194,305,286,410,152
24025305200,105,73,10,29,26,49,40,66,79,65,128,126,102,67,64,28
24025305300,15,6,8,77,23,27,33,64,28,69,111,133,112,50,31,18
24025306100,209,196,128,147,64,67,45,118,83,129,151,233,154,9,66,87
24025306200,79,94,91,91,71,64,31,46,80,114,85,95,52,23,59,31
24025306300,29,36,15,13,41,31,45,49,24,51,37,159,127,85,127,123
24025306400,38,14,78,0,106,47,43,92,52,195,155,416,398,323,277,131
24025306500,5,6,15,0,50,52,0,7,14,51,109,142,50,70,25,48
24027601103,60,11,0,0,0,7,16,60,69,72,219,314,303,248,384,271
24027601104,0,12,0,19,0,0,25,0,0,0,71,229,213,208,373,635
24027601105,22,0,19,9,0,41,14,163,0,190,127,165,220,95,210,263
24027601107,34,67,96,25,79,10,15,36,79,223,291,170,182,179,95,147
24027601108,0,9,6,10,22,63,8,18,28,158,116,276,276,160,280,61
24027601201,51,116,18,49,62,152,93,108,29,236,249,523,234,301,340,327
24027601203,0,0,0,48,14,0,6,0,14,23,130,96,178,109,179,123
24027601204,98,52,39,37,119,64,87,27,70,157,192,296,286,268,119,82
24027602100,12,18,12,13,13,26,14,28,26,140,74,221,287,275,575,754
24027602201,0,13,0,14,53,26,0,10,0,50,27,127,64,168,236,372
24027602202,15,40,31,26,0,128,84,113,26,91,143,242,177,161,283,335
24027602302,56,0,86,113,0,65,23,30,14,67,156,414,283,98,502,482
24027602303,12,0,9,31,14,0,0,17,19,50,54,46,93,209,239,428
24027602304,20,0,8,32,20,9,36,18,10,98,83,131,220,183,326,418
24027602305,9,9,7,0,8,0,23,0,15,20,42,146,151,119,233,496
24027602306,54,38,40,28,67,29,53,92,49,74,138,385,225,204,253,336
24027602600,157,61,54,15,236,8,103,73,96,409,370,370,152,224,239,195
24027602700,22,23,13,0,22,51,28,30,17,42,137,145,176,234,338,416
24027602800,30,0,70,33,54,60,31,71,11,196,58,384,212,263,308,382
24027602900,118,26,49,46,68,85,45,90,25,110,187,215,170,148,186,176
24027603001,14,13,0,0,21,39,70,28,40,79,156,258,326,259,302,425
24027603003,10,10,9,20,18,46,0,0,38,89,55,135,83,106,290,402
24027603004,0,28,13,60,117,0,0,41,33,30,81,181,160,115,473,792
24027604001,0,0,0,50,50,64,16,19,14,103,73,321,333,229,350,371
24027604002,0,15,0,48,30,61,32,51,50,68,104,200,233,182,504,1028
24027605102,44,26,15,13,15,0,37,47,65,15,123,280,216,273,395,1076
24027605103,13,18,13,6,34,24,16,24,13,100,86,102,76,202,292,656
24027605104,0,0,0,62,0,19,15,0,0,25,16,65,83,222,143,745
24027605401,68,85,40,21,39,50,15,63,105,113,380,392,288,185,313,178
24027605402,163,117,51,80,209,185,109,39,314,66,404,519,360,364,555,190
24027605502,138,0,66,12,0,15,18,17,28,133,142,310,341,299,275,441
24027605503,91,66,11,44,199,84,93,72,26,243,168,207,379,238,239,257
24027605504,0,0,0,0,0,19,0,0,7,11,21,38,65,61,142,438
24027605505,11,10,9,40,38,72,11,28,0,0,91,151,163,96,411,709
24027605601,103,15,63,109,200,33,55,129,79,293,306,296,314,265,212,301
24027605602,85,39,36,87,35,11,74,53,47,51,233,426,345,273,413,559
24027606601,0,0,16,0,41,17,0,37,60,94,106,142,168,167,93,132
24027606603,167,9,14,128,129,27,139,142,211,186,224,587,346,210,257,167
24027606604,35,0,30,20,38,10,0,37,59,169,156,340,308,167,227,63
24027606606,126,36,30,21,46,98,124,64,19,137,198,271,355,228,151,64
24027606607,25,37,0,45,0,27,13,10,16,71,104,198,256,267,317,224
24027606701,4,0,15,5,16,0,10,10,11,19,50,157,192,126,243,138
24027606704,141,156,94,26,95,57,62,129,33,109,140,456,474,136,385,200
24027606705,31,0,45,5,7,48,26,23,24,90,60,114,134,102,101,50
24027606706,33,26,63,31,59,35,18,6,6,61,161,150,181,359,277,470
24027606707,54,97,10,23,11,87,12,28,10,99,262,192,218,238,192,36
24027606803,77,30,51,35,33,76,80,37,71,162,290,434,244,220,298,342
24027606804,17,10,0,11,35,27,27,92,19,58,86,118,221,171,162,307
24027606805,0,9,0,30,9,10,0,10,24,11,35,102,148,150,247,490
24027606806,35,22,19,84,23,31,0,0,17,143,201,181,345,240,409,464
24027606901,57,11,89,66,85,122,22,24,76,228,233,293,265,232,161,111
24027606904,0,0,22,56,53,95,32,7,45,114,108,278,96,231,244,96
24027606905,57,60,78,21,19,74,91,28,27,154,246,278,336,278,270,431
24027606906,18,25,53,0,44,41,48,25,97,208,190,331,286,212,244,146
24027606907,0,0,11,103,31,122,119,70,100,254,136,359,328,94,229,65
24029950100,45,47,80,109,34,20,46,26,54,204,187,164,181,86,49,88
24029950200,40,63,76,175,64,149,50,122,32,72,294,252,222,96,29,103
24029950300,176,125,181,245,152,153,42,64,22,160,140,236,121,37,61,90
24029950400,30,39,44,19,73,24,101,68,52,82,119,187,107,78,46,106
24029950500,52,55,69,105,76,33,32,80,50,82,87,141,77,47,47,26
24029990000,0,0,0,0,0,0,0,0,0,0,0,0,0,0,0,0
24031700101,0,0,9,16,12,25,26,12,12,39,12,182,110,162,263,495
24031700103,18,3,47,44,2,17,7,1,11,76,86,118,300,143,350,577
24031700104,12,12,10,7,31,29,53,27,24,155,215,257,188,172,292,343
24031700105,33,13,33,29,12,55,70,70,77,158,153,319,313,229,246,303
24031700204,23,7,25,9,7,6,42,43,0,71,81,150,58,116,79,74
24031700205,0,43,9,11,9,9,10,21,34,21,117,176,334,217,455,546
24031700206,9,13,30,21,0,26,18,19,21,56,201,197,288,234,309,393
24031700207,171,54,13,31,31,31,59,61,82,104,139,329,321,184,233,76
24031700208,6,0,17,5,7,7,0,6,6,39,125,107,107,61,63,97
24031700304,146,20,0,21,0,87,21,28,66,78,308,403,326,349,343,393
24031700306,56,0,56,57,69,0,73,20,17,104,276,361,301,319,339,276
24031700308,126,43,51,71,34,28,0,20,80,199,184,339,370,293,242,154
24031700309,143,52,16,92,0,91,154,25,17,131,194,529,236,160,257,17
24031700310,94,14,59,112,120,76,112,149,22,257,222,564,312,295,183,106
24031700311,17,15,33,15,0,21,15,27,15,35,259,335,373,403,439,413
24031700312,10,8,10,0,32,0,9,41,39,80,103,212,235,203,383,344
24031700400,35,40,9,23,13,10,30,36,9,20,62,60,83,107,82,203
24031700500,47,0,14,13,40,85,32,40,49,235,207,250,123,243,370,361
24031700604,50,16,0,0,34,0,30,74,37,29,80,208,221,212,327,901
24031700606,26,0,0,0,53,0,24,0,25,47,48,104,141,202,363,405
24031700607,35,0,0,21,19,56,62,78,0,86,155,125,177,198,522,859
24031700608,66,15,12,0,50,0,12,47,0,37,16,73,126,114,178,1017
24031700610,15,11,0,8,5,7,3,0,12,38,29,60,72,114,75,207
24031700611,23,0,10,12,25,33,10,0,15,70,89,152,268,117,461,441
24031700613,92,7,14,49,86,42,0,41,0,44,138,338,143,164,384,508
24031700614,116,28,16,47,13,109,113,69,42,284,252,307,132,288,288,29
24031700615,4,0,11,0,0,14,0,0,17,31,31,59,159,194,206,224
24031700616,58,0,0,19,45,19,10,28,60,105,93,141,168,88,241,458
24031700704,14,20,10,30,83,16,87,54,52,80,64,105,55,83,86,136
24031700706,80,58,25,80,55,38,49,79,32,90,192,243,125,79,119,48
24031700710,24,35,10,32,47,112,53,105,44,114,250,262,302,181,278,238
24031700711,14,24,10,104,92,29,58,51,60,91,146,378,271,231,260,223
24031700713,86,19,98,119,122,245,165,107,51,268,220,117,176,117,40,34
24031700715,0,63,11,20,51,22,6,35,10,182,151,344,294,264,176,82
24031700716,107,73,45,19,16,0,185,234,138,173,138,452,153,259,466,180
24031700717,53,55,43,54,35,146,32,34,141,250,237,301,163,64,244,88
24031700718,33,47,33,58,0,0,11,8,41,143,176,349,224,364,273,271
24031700719,187,142,126,118,62,39,165,81,115,430,200,209,191,280,88,126
24031700720,0,57,0,62,0,9,32,75,55,26,73,194,212,121,93,126
24031700721,92,6,11,70,122,52,55,72,32,114,130,199,140,39,79,53
24031700722,33,77,92,41,110,92,45,12,80,101,145,205,347,131,103,43
24031700723,183,149,45,18,38,121,28,83,15,122,325,252,119,78,73,95
24031700724,228,67,80,51,34,44,57,78,84,65,190,110,110,35,29,7
24031700810,25,36,26,68,72,63,84,60,66,75,119,175,202,170,246,250
24031700811,13,28,25,37,31,30,66,43,74,171,145,301,193,126,161,46
24031700812,88,0,31,47,39,47,65,83,68,122,215,185,189,80,208,203
24031700813,117,25,46,71,75,125,67,57,96,153,164,232,173,304,189,155
24031700815,103,90,32,51,61,129,83,46,17,247,279,404,227,332,258,187
24031700816,81,79,44,64,55,191,78,81,143,317,380,442,345,134,319,106
24031700817,56,60,59,121,31,82,94,72,36,200,306,360,429,189,201,196
24031700818,208,40,146,162,70,114,122,69,41,264,399,485,239,224,54,0
24031700819,0,0,136,29,35,189,99,150,137,187,218,317,278,240,249,124
24031700820,124,0,50,25,28,18,30,80,51,38,152,101,105,28,95,65
24031700822,0,18,6,59,49,25,38,27,6,79,109,105,104,0,11,10
24031700823,59,8,0,9,8,25,7,17,35,89,86,164,202,121,198,185
24031700824,29,0,20,0,0,14,64,9,35,23,91,43,184,99,211,255
24031700826,13,16,29,38,29,46,61,52,73,73,276,250,331,226,432,608
24031700828,39,0,0,16,0,9,14,11,14,21,0,85,98,94,168,311
24031700829,41,11,9,42,4,17,11,16,0,10,146,77,207,142,249,214
24031700830,56,12,0,0,22,0,94,129,21,90,225,125,113,110,28,35
24031700832,36,33,31,20,13,0,54,94,56,39,159,213,120,30,55,23
24031700833,91,34,20,13,0,23,53,22,30,120,202,177,177,114,125,118
24031700834,11,0,21,59,29,94,34,53,65,118,230,228,381,156,224,33
24031700835,28,0,0,15,27,0,8,0,9,54,107,138,66,252,289,291
24031700901,108,168,104,108,12,104,51,46,85,72,153,384,251,119,250,150
24031700902,59,21,33,35,61,52,24,7,39,53,111,267,145,104,149,64
24031700903,40,20,0,16,12,41,11,29,26,31,85,237,50,34,41,33
24031700904,96,24,58,55,59,65,34,73,16,35,279,266,89,14,95,104
24031700905,32,38,33,20,83,53,79,51,58,174,140,268,356,198,77,46
24031701001,38,24,0,39,18,43,79,114,58,172,107,344,255,174,262,387
24031701002,7,0,5,0,15,10,0,20,0,25,52,38,142,102,227,665
24031701004,88,14,32,18,17,38,83,76,23,110,172,198,297,208,248,364
24031701005,20,0,51,24,29,11,44,21,40,39,36,175,198,47,230,363
24031701006,50,12,34,38,24,42,57,41,10,33,175,211,183,139,401,500
24031701007,7,22,0,0,59,0,40,36,48,61,180,262,134,144,91,332
24031701101,21,36,37,51,24,17,24,30,45,116,78,232,245,195,172,172
24031701102,13,36,45,53,45,59,42,69,12,241,307,451,273,139,229,140
24031701201,62,14,18,52,0,78,67,112,118,173,193,262,321,373,116,216
24031701202,19,14,23,2,24,7,16,22,10,33,55,69,136,117,292,195
24031701205,74,14,38,25,59,29,16,16,25,38,84,245,92,250,303,1023
24031701206,36,0,58,21,12,27,24,24,71,32,114,201,265,286,361,649
24031701210,0,21,8,0,9,0,27,37,42,71,40,47,183,58,228,605
24031701211,74,32,10,32,28,29,32,113,54,151,126,230,328,162,425,471
24031701212,0,9,0,22,0,10,25,14,20,37,43,74,100,72,190,254
24031701213,86,47,65,34,37,58,72,90,16,280,197,283,397,485,434,686
24031701214,50,85,10,37,30,29,28,12,40,161,146,270,149,136,254,178
24031701215,64,42,16,106,15,95,111,140,54,224,273,302,373,167,305,250
24031701216,137,75,38,42,88,82,22,92,121,155,255,318,402,184,308,273
24031701218,81,68,28,73,17,54,29,57,54,75,155,213,212,77,166,15
24031701219,88,17,27,77,53,83,0,54,125,131,126,199,159,91,55,15
24031701220,18,14,0,9,34,0,8,16,16,38,60,49,62,83,281,533
24031701221,122,32,50,13,27,47,34,23,25,20,66,137,213,45,181,549
24031701303,11,15,21,20,0,7,29,7,0,62,111,153,186,146,198,338
24031701304,4,47,2,91,26,9,41,108,32,70,87,288,237,330,413,211
24031701306,0,10,0,0,15,9,0,8,55,13,55,84,118,142,198,301
24031701307,8,0,0,14,0,15,30,9,8,50,93,139,107,138,217,357
24031701308,47,44,0,0,0,20,13,28,0,20,40,68,113,124,136,323
24031701312,11,71,64,10,12,0,27,0,103,85,153,188,253,244,399,458
24031701313,0,29,0,0,9,7,12,14,32,39,93,249,253,124,156,230
24031701314,0,0,0,10,8,0,17,20,0,100,133,148,139,90,115,204
24031701315,20,15,23,12,10,0,111,27,68,73,163,223,190,192,276,328
24031701316,57,91,57,101,25,21,31,76,0,121,135,142,307,126,313,587
24031701317,0,8,0,25,0,0,16,40,10,73,46,92,131,182,296,501
24031701407,5,33,20,23,9,31,10,7,12,98,118,321,250,164,352,391
24031701408,10,0,0,48,0,0,111,57,10,113,94,199,372,207,375,453
24031701409,13,0,8,11,27,12,17,39,9,59,78,179,143,195,215,355
24031701410,78,72,51,0,52,19,111,64,52,140,217,552,427,98,277,295
24031701414,103,30,9,74,189,186,109,13,108,78,230,466,183,119,237,269
24031701415,15,12,64,22,70,82,75,0,60,176,216,375,335,242,463,248
24031701417,117,182,22,64,49,104,26,112,143,284,458,527,194,78,137,89
24031701418,31,0,0,65,11,42,41,39,38,134,68,97,205,83,148,145
24031701420,68,47,129,165,170,120,109,107,129,339,379,424,369,234,195,134
24031701421,6,8,0,0,12,49,0,9,3,85,82,179,17,2,67,10
24031701422,101,32,50,51,75,38,205,96,156,125,132,74,43,13,17,0
24031701423,27,0,55,122,68,106,131,90,69,98,139,168,85,86,138,82
24031701503,17,26,13,56,27,92,35,70,29,110,177,482,300,212,227,239
24031701505,154,165,135,67,12,34,70,39,203,158,223,286,367,269,172,203
24031701506,40,25,0,6,13,31,80,33,26,72,116,126,194,320,339,360
24031701507,92,21,46,63,39,19,20,47,70,31,143,129,168,214,366,293
24031701508,72,166,27,130,80,66,31,48,74,91,277,177,76,63,109,36
24031701509,160,59,53,289,89,69,196,78,206,178,226,268,87,72,140,75
24031701601,25,0,10,49,67,26,56,48,23,45,205,97,39,51,17,35
24031701602,63,69,49,24,50,55,127,74,43,292,196,310,175,99,47,22
24031701701,26,81,48,81,117,51,64,57,59,30,63,152,143,64,262,178
24031701702,97,29,36,26,72,10,43,53,20,55,144,172,89,49,11,30
24031701703,12,56,18,73,62,55,49,42,33,108,69,186,124,44,190,120
24031701704,12,0,44,37,10,38,63,45,14,89,101,56,93,101,96,204
24031701800,131,25,76,66,66,58,48,73,141,163,208,44,178,99,138,378
24031701900,118,88,34,74,71,18,53,54,69,98,153,196,112,34,45,57
24031702000,61,143,110,66,81,48,40,114,151,103,159,211,43,35,46,56
24031702101,143,68,98,175,34,103,49,36,124,141,167,259,119,113,93,39
24031702102,7,0,12,17,9,26,7,21,9,46,90,51,99,118,188,289
24031702200,42,0,0,24,12,0,13,24,56,42,105,196,218,181,302,285
24031702301,57,28,40,94,45,87,82,52,134,96,270,190,79,37,103,27
24031702302,28,37,21,42,50,78,51,198,91,67,137,161,190,132,188,204
24031702401,5,10,7,70,21,5,0,32,24,35,88,122,89,88,145,240
24031702402,158,27,115,21,51,32,40,97,23,356,155,287,229,204,84,109
24031702500,257,106,125,191,61,155,157,191,90,203,430,484,354,210,300,173
24031702601,145,27,78,63,67,90,142,161,111,214,483,585,203,75,103,76
24031702602,284,46,82,126,116,62,51,0,106,232,232,326,189,231,159,69
24031702700,152,21,56,18,83,30,111,112,100,70,196,351,222,148,339,441
24031702800,57,63,0,59,14,11,92,99,29,153,239,320,166,217,370,364
24031702900,88,53,35,0,30,48,66,0,13,191,218,303,304,183,331,505
24031703000,9,6,26,13,20,0,10,5,16,33,48,111,82,75,99,101
24031703100,22,26,51,53,36,78,25,29,3,94,95,226,170,180,233,220
24031703201,34,57,29,46,52,68,74,74,119,207,78,369,371,123,337,281
24031703202,33,44,133,13,14,45,0,98,21,103,60,279,324,253,387,384
24031703206,43,0,11,60,57,10,7,25,51,114,147,229,188,93,168,149
24031703207,94,52,117,99,71,63,46,112,102,153,130,282,108,114,100,133
24031703208,44,15,18,40,49,6,15,16,48,62,113,197,196,292,229,289
24031703209,127,81,74,63,69,84,109,177,61,134,173,167,176,224,187,209
24031703210,8,22,23,15,32,0,19,35,64,60,173,124,105,111,168,102
24031703212,69,18,58,74,0,68,86,93,43,165,219,335,481,338,345,378
24031703213,240,0,71,65,125,134,32,232,253,330,218,166,139,69,61,22
24031703214,159,121,252,167,136,35,166,27,145,199,190,341,173,113,170,38
24031703215,55,28,62,0,35,25,3,51,15,45,166,141,118,74,76,167
24031703216,96,37,86,86,96,47,154,102,92,207,137,242,330,105,124,33
24031703218,92,40,74,144,81,82,90,52,58,163,87,144,95,44,86,51
24031703219,145,84,120,147,60,118,163,108,73,197,189,223,211,89,178,103
24031703220,113,96,122,76,74,80,63,33,107,152,192,283,248,113,180,108
24031703221,40,92,0,0,14,37,25,17,79,116,116,263,203,217,264,294
24031703301,12,20,20,69,31,56,56,31,64,119,159,351,121,147,111,24
24031703302,6,16,7,47,52,32,44,12,55,148,78,284,148,52,76,58
24031703401,17,0,15,0,90,74,52,15,80,131,194,338,123,168,78,41
24031703402,11,9,26,64,23,6,11,5,15,54,92,220,150,113,114,81
24031703403,18,28,11,64,25,60,27,6,52,119,139,111,72,135,73,26
24031703404,20,19,18,57,60,23,97,54,44,46,136,136,43,44,16,0
24031703501,178,101,108,61,132,80,22,111,98,147,205,304,177,150,91,25
24031703502,143,45,10,26,33,17,34,49,43,143,49,138,111,130,91,109
24031703601,29,0,85,42,39,26,71,152,33,58,158,264,231,178,182,176
24031703602,0,0,10,24,0,8,32,62,43,58,53,136,116,114,176,193
24031703701,56,12,15,24,16,28,73,24,67,164,123,212,132,66,50,16
24031703702,32,0,23,13,26,38,35,28,54,37,193,175,253,85,137,70
24031703800,69,73,33,34,93,20,28,34,46,121,99,162,103,99,27,148
24031703901,5,6,31,14,43,0,22,25,42,49,164,109,155,97,132,166
24031703902,152,35,117,75,113,35,88,44,122,287,139,296,451,159,334,187
24031704000,112,186,102,68,69,29,118,124,119,163,208,336,270,296,191,294
24031704100,10,33,15,15,52,60,11,16,25,25,43,103,240,79,207,684
24031704200,24,25,16,4,23,10,4,40,9,57,52,88,38,37,121,172
24031704300,9,43,0,25,0,10,28,0,49,63,9,189,147,200,226,374
24031704401,42,0,8,15,0,19,16,10,8,38,74,103,73,91,162,387
24031704403,14,18,15,34,30,44,93,42,0,101,162,121,119,117,71,88
24031704404,36,51,0,0,0,16,68,52,155,82,66,216,215,235,230,671
24031704501,28,0,15,8,6,38,12,7,27,44,97,117,198,104,228,307
24031704502,0,21,15,10,5,8,0,6,4,18,9,15,61,38,213,439
24031704503,0,0,0,5,29,0,0,18,11,26,72,121,148,123,228,554
24031704600,54,59,38,13,11,38,62,68,9,52,56,228,210,105,326,644
24031704700,8,0,16,0,35,8,44,17,13,26,84,64,53,83,132,806
24031704803,76,42,28,46,84,15,24,71,96,147,387,315,179,126,212,152
24031704804,3,14,5,0,13,18,41,44,19,93,121,92,107,38,152,209
24031704805,133,55,55,21,0,4,61,0,53,6,37,93,87,83,116,279
24031704806,38,37,11,34,10,22,11,37,19,118,331,338,166,224,222,182
24031705000,68,32,22,48,31,31,7,83,47,19,84,155,158,134,194,521
24031705100,46,4,19,23,16,13,37,24,10,36,116,188,131,172,278,860
24031705200,1,3,2,12,0,9,10,2,20,14,19,79,86,49,182,682
24031705300,0,3,11,0,0,6,7,3,3,3,15,35,21,23,55,483
24031705400,13,0,0,17,0,7,6,0,4,32,40,58,69,48,115,602
24031705501,52,14,19,65,81,17,90,23,21,41,149,190,180,130,198,309
24031705502,37,25,57,0,10,23,40,33,4,44,71,114,169,78,160,621
24031705601,0,9,23,0,13,11,11,0,7,28,21,46,37,72,211,482
24031705602,47,43,42,84,113,24,59,16,51,424,325,396,317,135,376,387
24031705701,81,29,12,21,12,17,16,53,48,54,64,141,144,166,171,688
24031705702,54,13,9,0,34,19,17,17,39,36,65,109,113,156,259,739
24031705800,23,0,63,22,16,28,18,116,32,58,81,169,156,146,329,1059
24031705901,0,0,9,0,0,14,0,11,24,32,50,115,157,84,234,706
24031705902,0,11,24,6,10,26,9,45,14,69,55,95,107,131,189,738
24031705903,8,11,9,27,22,0,9,30,25,51,92,44,138,113,203,793
24031706005,19,19,10,23,7,22,29,12,12,20,107,88,84,84,175,898
24031706007,18,17,0,0,20,37,17,34,0,14,27,131,316,198,319,1213
24031706008,11,0,47,0,0,7,25,39,9,0,22,77,104,137,276,1013
24031706009,9,11,9,10,0,22,0,0,9,17,86,100,83,112,230,1162
24031706010,46,15,20,48,9,0,43,27,19,32,56,141,64,74,99,373
24031706011,57,21,19,0,10,9,20,16,22,20,38,91,112,141,366,831
24031706012,179,67,33,49,62,97,34,34,44,149,278,134,297,69,66,149
24031706013,0,0,0,0,26,0,5,15,0,14,26,48,73,82,148,466
24033800102,24,23,82,87,60,63,30,78,38,153,144,169,83,73,45,44
24033800103,51,84,26,11,54,79,16,54,30,53,122,99,81,52,32,7
24033800105,48,60,0,16,33,0,41,45,27,170,122,208,150,206,97,84
24033800106,19,10,0,36,0,0,0,9,90,101,130,271,115,108,78,93
24033800108,69,32,11,36,24,62,17,8,127,149,214,152,156,221,51,11
24033800109,61,64,59,22,20,23,133,54,172,186,84,335,111,31,8,0
24033800203,0,12,4,22,18,8,50,16,82,56,127,161,242,179,310,209
24033800206,70,30,11,26,38,56,10,63,167,85,147,326,101,47,96,163
24033800208,53,16,0,22,32,27,51,137,131,351,348,353,166,251,283,272
24033800209,95,63,43,54,83,136,111,153,94,154,181,130,104,52,49,10
24033800210,51,22,18,58,69,41,37,37,67,180,240,219,88,23,31,7
24033800211,25,40,44,97,68,144,74,117,153,117,82,142,46,29,72,31
24033800212,63,0,20,58,49,61,15,30,23,105,159,266,200,118,279,93
24033800213,59,18,30,16,0,32,105,68,56,99,242,369,241,91,126,99
24033800214,25,26,111,21,55,65,16,96,8,251,59,163,72,108,49,9
24033800215,8,12,0,8,0,0,0,22,39,181,201,212,63,60,10,95
24033800401,14,0,0,0,39,37,10,16,28,38,73,103,142,160,142,110
24033800402,36,13,24,15,31,67,14,55,9,122,132,258,341,237,247,163
24033800403,6,28,21,10,17,29,9,19,41,44,108,233,185,193,183,168
24033800408,86,9,11,39,85,0,33,75,44,30,228,249,253,345,419,227
24033800409,12,10,12,31,22,14,46,20,55,105,111,267,419,266,397,292
24033800410,7,0,22,18,1,28,30,44,49,56,45,248,209,262,315,304
24033800411,105,28,17,55,31,46,21,15,43,81,172,235,70,130,196,187
24033800412,41,77,11,21,27,66,28,40,43,193,118,220,146,36,80,3
24033800413,27,69,25,34,25,59,33,38,18,114,78,384,173,68,103,80
24033800504,23,0,73,40,20,4,24,22,6,165,114,245,322,225,288,152
24033800505,13,10,26,0,24,20,35,10,29,34,85,158,124,104,169,51
24033800507,51,7,7,34,7,0,28,27,10,125,83,220,147,46,126,164
24033800509,86,55,59,34,104,47,79,84,23,211,331,667,661,329,450,409
24033800511,40,8,8,0,42,17,82,105,26,131,182,306,443,111,196,169
24033800513,0,25,13,11,30,43,47,81,39,124,144,349,284,229,231,125
24033800514,27,0,6,0,0,0,13,0,0,66,6,137,178,185,282,625
24033800515,33,0,27,19,47,14,47,103,86,125,101,365,189,191,174,27
24033800516,9,8,50,80,15,51,62,31,60,51,93,295,154,163,300,122
24033800517,72,0,0,0,0,0,7,15,34,33,70,168,158,163,329,626
24033800518,12,0,25,0,0,13,9,0,0,24,48,69,147,54,163,490
24033800519,47,60,28,0,9,32,26,45,25,21,180,189,147,160,239,139
24033800520,46,0,22,14,37,35,7,15,0,61,58,138,117,151,140,15
24033800601,30,7,18,12,11,23,0,28,30,35,75,82,105,117,45,19
24033800604,17,4,10,6,5,0,4,17,28,19,53,88,109,85,71,7
24033800605,0,3,44,14,23,43,10,49,15,39,143,161,278,192,239,188
24033800606,13,53,50,17,15,127,88,89,69,130,402,651,469,117,160,74
24033800607,46,52,0,23,10,30,0,42,40,111,206,204,195,260,393,340
24033800608,0,11,0,12,5,8,0,0,0,56,104,15,262,117,367,282
24033800701,13,10,0,0,0,59,33,44,41,122,136,346,218,356,237,262
24033800704,0,10,25,33,78,65,19,35,87,89,279,300,277,244,282,77
24033800705,13,9,62,56,69,8,6,43,27,45,97,196,164,160,186,308
24033800706,0,9,0,27,0,0,0,0,32,40,41,231,215,178,218,263
24033800707,63,58,18,18,7,79,27,77,29,13,56,179,84,151,92,149
24033800800,13,15,0,18,14,17,46,44,42,38,157,153,205,152,131,113
24033800900,2,52,22,13,25,26,11,7,50,20,57,68,52,11,75,54
24033801003,0,28,63,46,17,14,39,62,40,166,129,161,269,230,131,139
24033801004,43,0,0,10,0,12,8,27,62,49,149,196,333,189,196,198
24033801005,21,0,24,0,23,24,0,0,0,45,78,176,164,148,207,301
24033801006,57,0,8,13,0,36,89,16,50,50,110,249,118,119,187,163
24033801104,26,41,26,71,83,19,89,52,87,104,105,123,92,65,38,44
24033801207,0,23,17,28,10,25,26,31,19,61,123,205,164,174,192,276
24033801208,0,0,10,0,7,14,29,59,42,82,54,320,167,221,267,72
24033801209,28,0,14,38,41,34,12,7,27,70,140,427,267,158,95,152
24033801210,16,80,0,24,13,89,11,118,41,89,88,184,247,69,273,132
24033801211,0,14,24,0,39,37,10,36,32,82,81,113,183,133,231,43
24033801212,34,0,7,12,25,0,16,61,0,34,181,273,181,96,134,100
24033801213,22,10,46,27,10,24,18,24,46,50,173,228,137,152,86,164
24033801214,57,138,114,75,46,58,59,0,19,71,143,312,213,127,135,48
24033801215,0,0,0,0,3,22,0,0,13,82,118,102,124,115,130,58
24033801216,0,31,22,38,30,56,39,15,10,163,79,245,98,218,150,92
24033801217,44,15,0,41,0,26,0,14,21,38,35,212,205,37,259,176
24033801302,14,17,22,18,16,7,15,20,50,40,70,131,136,82,149,118
24033801305,13,7,26,39,84,23,20,35,69,75,165,393,268,203,344,157
24033801307,14,17,15,48,28,15,7,36,47,69,108,176,107,160,247,301
24033801308,8,21,0,15,19,7,7,6,15,41,147,148,298,96,177,153
24033801309,14,41,7,0,34,12,8,40,18,32,35,210,192,141,213,271
24033801310,0,33,15,17,30,0,35,64,51,92,55,206,320,344,420,395
24033801311,94,31,59,38,19,63,19,41,57,190,132,329,257,132,315,247
24033801312,106,0,23,21,23,54,0,52,29,26,276,100,160,146,118,127
24033801313,51,8,18,62,14,0,26,25,34,34,127,114,119,160,230,117
24033801404,62,19,16,82,82,29,135,103,0,129,214,257,257,238,125,138
24033801405,86,58,44,71,34,72,59,37,60,85,295,236,175,69,155,27
24033801406,51,69,16,22,37,38,24,45,57,177,259,159,154,42,86,13
24033801407,90,17,0,20,23,62,110,67,174,105,332,498,249,162,182,143
24033801408,47,27,24,23,20,38,100,173,55,198,203,273,145,77,22,41
24033801409,7,48,0,31,34,55,22,79,70,172,124,152,81,56,110,18
24033801410,13,18,0,68,42,19,0,6,8,29,111,213,315,107,104,157
24033801411,11,0,13,0,21,8,29,44,79,41,183,213,115,126,178,73
24033801500,58,16,18,25,32,21,36,39,37,57,210,166,173,87,44,0
24033801600,88,23,58,10,28,95,44,8,58,138,73,241,28,18,0,0
24033801701,56,21,44,102,54,47,69,86,29,152,139,357,166,90,116,11
24033801702,226,10,75,87,70,144,36,98,75,105,224,166,141,102,78,58
24033801704,117,8,92,137,201,233,57,156,109,301,262,279,195,69,158,0
24033801706,14,5,0,40,0,74,69,21,47,20,82,121,40,29,8,6
24033801707,15,27,108,58,57,146,108,79,138,202,269,311,187,212,44,65
24033801708,67,15,51,37,47,66,22,151,121,149,114,189,78,61,82,22
24033801801,81,23,30,75,57,128,18,31,18,87,97,97,27,22,50,7
24033801802,81,57,81,74,52,139,92,101,57,203,172,164,115,31,21,21
24033801804,25,11,8,38,12,3,17,22,41,148,30,148,104,56,95,15
24033801805,66,85,35,18,22,149,91,78,57,137,96,111,65,13,40,0
24033801807,73,65,16,70,100,150,73,125,159,184,258,156,255,62,105,44
24033801808,34,43,30,68,10,76,97,97,73,237,227,136,88,56,82,80
24033801901,11,44,90,31,7,43,36,57,51,114,198,295,287,152,200,69
24033801904,79,45,50,34,36,16,118,119,75,103,122,159,138,61,76,32
24033801905,25,9,36,32,18,49,92,86,33,63,332,443,223,305,254,135
24033801906,21,13,47,6,28,26,19,25,45,64,106,80,134,32,13,3
24033801907,146,113,88,44,42,28,41,0,62,159,173,301,54,47,106,110
24033801908,105,12,53,16,48,64,31,130,113,149,245,150,86,18,31,0
24033802001,164,48,88,90,37,234,130,104,44,126,363,221,291,79,43,0
24033802002,98,40,52,53,75,49,59,74,81,80,167,250,221,72,27,20
24033802103,17,27,36,26,47,50,17,25,94,58,127,161,144,139,85,49
24033802104,79,29,29,0,81,19,30,73,47,80,92,105,60,56,22,17
24033802106,88,66,50,65,31,72,54,94,119,258,223,136,102,69,54,19
24033802107,97,37,16,95,109,89,59,167,24,161,232,180,103,19,62,0
24033802201,47,15,67,35,35,14,22,21,10,211,131,101,40,13,24,0
24033802203,35,44,53,91,83,135,135,38,145,138,106,188,184,74,97,17
24033802204,105,15,16,15,56,23,37,73,64,174,381,298,263,360,178,39
24033802301,48,38,25,30,17,37,30,25,36,61,231,349,131,123,68,21
24033802404,123,64,91,65,81,63,84,176,62,200,307,161,59,83,25,0
24033802405,99,75,79,89,106,85,60,27,108,182,250,261,148,51,56,26
24033802406,49,11,13,95,14,14,51,32,61,116,132,74,77,18,40,41
24033802407,69,54,23,52,61,216,40,214,108,267,269,181,85,35,91,56
24033802408,26,45,27,41,22,80,12,52,24,22,45,104,48,48,14,0
24033802501,79,20,46,47,36,111,98,117,80,119,189,200,148,26,12,12
24033802502,41,17,13,37,0,28,25,37,25,69,161,134,84,113,59,9
24033802600,89,56,37,19,21,26,76,99,46,119,151,139,152,42,30,0
24033802700,116,61,56,21,65,41,16,41,17,86,94,76,33,53,19,16
24033802803,24,165,79,77,13,128,71,76,65,162,176,235,177,98,196,0
24033802804,218,49,79,88,87,48,40,81,108,201,289,328,273,193,57,23
24033802805,143,44,80,104,49,111,50,18,82,132,141,300,244,109,43,40
24033802901,173,171,114,35,59,93,66,86,54,46,192,122,119,16,66,21
24033803001,47,9,54,56,40,63,14,52,9,91,118,201,117,64,78,8
24033803002,20,31,37,18,17,52,81,77,60,119,229,208,112,81,15,10
24033803100,47,66,9,64,29,52,23,45,61,59,101,146,107,29,116,12
24033803200,50,32,78,88,0,80,92,47,122,106,196,79,92,59,18,0
24033803300,122,72,37,56,84,68,67,57,89,154,236,325,126,0,44,24
24033803401,23,15,26,19,3,3,0,38,44,58,22,102,0,20,39,3
24033803402,231,166,43,95,69,49,115,82,58,234,163,126,134,74,92,20
24033803508,207,155,53,43,56,59,91,119,82,217,120,142,111,54,65,0
24033803509,38,51,25,28,34,99,132,93,91,117,127,112,31,5,47,0
24033803512,17,25,110,41,26,119,30,44,87,352,174,414,309,185,219,184
24033803513,103,96,29,119,71,54,40,29,39,223,133,415,223,238,60,47
24033803514,12,36,22,73,0,14,113,26,45,252,165,285,328,223,230,67
24033803516,0,58,33,14,8,28,32,0,48,122,152,228,328,256,216,152
24033803519,17,18,43,101,35,63,36,53,108,126,182,339,306,82,112,28
24033803520,0,28,0,8,48,19,43,45,0,63,148,271,88,201,238,187
24033803521,55,30,0,36,50,12,85,41,44,181,99,196,287,142,211,208
24033803522,59,15,0,11,22,36,21,19,47,45,131,288,362,70,177,85
24033803523,0,0,0,0,0,20,24,26,26,86,86,192,146,183,168,304
24033803524,18,0,0,0,0,43,34,49,9,195,116,299,164,100,84,64
24033803525,83,81,34,37,69,98,0,102,26,245,130,135,66,38,14,0
24033803526,5,12,25,17,38,17,15,114,42,132,175,205,276,48,76,41
24033803527,49,19,0,12,19,66,36,22,0,96,134,127,265,101,134,7
24033803601,0,0,0,33,9,42,79,33,71,116,40,221,146,142,134,39
24033803602,35,35,25,7,28,10,17,27,40,65,91,109,91,37,30,12
24033803605,56,25,47,13,35,81,54,116,16,207,247,369,240,138,151,127
24033803606,41,30,11,41,8,81,38,58,53,122,250,261,168,204,104,25
24033803607,10,9,19,11,12,9,21,15,1,112,171,124,109,124,157,100
24033803608,29,0,57,65,138,25,68,146,114,230,211,226,260,86,95,8
24033803610,58,23,50,34,25,40,82,19,109,120,75,89,54,56,144,15
24033803612,50,19,17,27,12,117,158,96,72,162,134,204,115,0,22,4
24033803613,66,60,60,100,71,137,156,204,76,227,288,297,48,47,60,32
24033803700,47,17,0,51,20,10,58,40,37,85,114,115,74,24,38,7
24033803801,10,0,15,45,47,33,22,30,20,73,110,131,120,31,14,15
24033803803,57,86,40,49,45,90,24,124,100,151,210,328,231,61,123,45
24033803900,47,0,53,18,46,31,26,50,34,84,163,152,103,66,58,13
24033804001,245,147,169,163,162,80,149,122,156,319,167,165,83,121,22,16
24033804002,26,64,0,121,122,116,33,82,66,83,229,217,85,115,14,0
24033804101,24,44,59,108,28,33,101,73,29,34,108,91,131,99,135,43
24033804102,159,17,92,41,115,64,170,100,97,277,185,238,184,83,173,15
24033804200,48,0,16,8,9,15,0,8,56,47,132,218,204,106,214,118
24033804300,67,66,99,96,70,141,97,102,0,122,164,40,110,46,42,0
24033804400,66,73,29,38,29,47,3,64,24,67,124,78,48,54,55,20
24033804600,18,35,44,49,43,69,57,32,18,67,118,110,70,57,29,14
24033804700,61,7,35,42,38,27,85,0,36,134,120,114,287,131,104,19
24033804801,147,67,61,65,186,114,152,127,81,125,151,84,9,0,29,0
24033804802,120,44,56,189,38,89,95,134,9,150,93,57,52,3,0,8
24033804900,113,68,55,26,74,76,64,92,61,108,220,244,80,50,94,14
24033805000,85,90,94,50,74,32,158,123,42,196,217,495,214,124,123,64
24033805101,16,0,118,78,120,82,35,111,57,157,172,127,85,57,29,0
24033805201,48,61,48,31,177,102,84,88,11,200,85,186,95,40,42,14
24033805202,78,2,58,50,51,70,44,76,71,280,132,146,34,21,60,20
24033805500,52,71,35,12,0,57,92,7,66,91,79,159,183,145,62,35
24033805601,40,72,52,143,102,131,146,141,146,129,129,231,72,34,18,8
24033805602,48,28,45,65,32,79,70,61,40,224,88,232,189,51,28,0
24033805700,133,25,61,103,135,127,98,58,17,276,319,207,103,57,21,63
24033805801,10,33,10,33,45,30,0,45,65,189,70,156,174,53,96,33
24033805802,0,66,50,15,23,37,92,54,63,80,105,117,114,46,75,54
24033805904,86,39,6,14,19,61,77,26,85,26,93,132,81,110,13,51
24033805906,79,54,17,42,40,37,49,127,117,117,187,155,28,48,10,15
24033805907,67,55,61,26,30,93,82,69,76,147,166,349,91,93,11,0
24033805908,66,11,14,61,11,75,98,57,48,46,175,88,141,20,22,0
24033805909,44,57,74,124,71,184,64,121,117,172,210,168,133,35,16,67
24033806000,58,10,47,183,48,40,179,125,105,94,169,195,205,69,32,49
24033806100,68,27,18,82,64,72,59,89,100,148,124,230,84,72,111,106
24033806200,123,82,74,33,78,53,22,96,27,26,111,270,208,90,145,70
24033806300,7,70,12,12,25,69,43,51,43,62,66,128,106,36,41,0
24033806400,46,18,10,7,31,40,45,32,85,45,23,140,106,101,331,299
24033806501,14,46,32,188,76,133,120,88,22,161,167,152,87,60,77,96
24033806601,0,83,46,128,81,109,90,75,84,57,144,152,37,111,67,32
24033806602,29,33,45,101,51,73,16,51,76,172,186,280,121,82,10,0
24033806706,32,29,59,75,32,45,94,0,82,104,114,309,179,151,86,1
24033806708,100,104,95,50,25,211,115,213,161,212,197,211,185,98,102,52
24033806710,71,20,0,39,30,130,178,92,171,295,309,263,142,190,238,90
24033806711,55,16,30,41,101,70,79,240,86,195,153,211,214,136,83,49
24033806712,17,7,13,25,26,9,15,93,26,112,142,301,199,170,77,54
24033806713,86,40,79,54,27,108,110,76,77,166,196,84,81,9,31,0
24033806714,52,5,74,62,35,77,21,80,85,119,234,151,30,0,85,8
24033806800,9,11,55,38,29,31,26,21,32,94,87,186,138,214,140,139
24033806900,41,0,45,30,7,26,52,19,63,100,223,284,146,147,72,17
24033807000,413,193,117,102,65,93,60,58,31,120,164,204,143,171,89,75
24033807102,22,36,14,9,10,42,10,26,36,50,88,174,61,43,92,148
24033807200,404,140,105,107,27,31,17,16,10,33,37,96,20,16,23,0
24033807301,98,95,16,39,79,61,18,62,58,100,158,244,66,66,92,66
24033807304,24,11,0,5,12,6,46,13,0,31,57,106,87,82,51,52
24033807305,24,0,0,7,19,64,60,66,52,100,74,173,131,91,81,134
24033807404,80,21,42,19,15,8,10,139,61,93,290,312,197,59,198,89
24033807405,225,0,85,33,38,40,0,72,32,201,298,306,180,389,98,146
24033807407,38,19,65,63,29,0,150,199,49,224,72,382,345,129,260,144
24033807408,40,71,31,73,47,50,75,147,92,156,312,304,158,246,399,104
24033807409,37,57,42,35,75,23,116,29,98,138,107,306,22,87,51,0
24033807410,26,32,42,77,81,85,51,181,140,160,98,258,171,74,18,31
24035810100,18,30,110,49,62,64,71,22,71,120,95,104,153,68,53,92
24035810200,40,30,24,28,71,33,30,20,41,31,141,94,94,12,71,25
24035810300,79,26,71,40,76,64,103,95,44,116,173,209,173,128,134,108
24035810400,41,44,77,18,56,76,50,32,21,186,289,280,407,213,191,147
24035810500,58,78,46,92,55,28,46,42,41,160,78,276,196,167,188,145
24035810600,108,44,14,17,24,3,73,79,46,99,134,288,202,189,192,286
24035810700,29,56,37,32,68,40,61,27,18,153,99,214,220,90,105,210
24035810800,28,71,48,55,56,54,31,76,38,208,193,264,323,210,212,149
24035810901,28,26,22,16,48,71,7,29,32,79,177,262,299,154,396,158
24035810902,10,24,17,58,24,34,0,55,48,31,89,192,153,83,162,118
24035811000,112,11,93,21,95,38,51,49,61,142,170,151,257,193,114,129
24035990000,0,0,0,0,0,0,0,0,0,0,0,0,0,0,0,0
24035990100,0,0,0,0,0,0,0,0,0,0,0,0,0,0,0,0
24035990200,0,0,0,0,0,0,0,0,0,0,0,0,0,0,0,0
24037875000,71,18,57,20,85,25,24,25,83,181,180,437,393,298,162,131
24037875100,122,45,16,87,32,50,33,33,71,122,153,249,217,133,207,98
24037875201,72,17,20,57,40,37,87,109,83,86,162,203,202,283,193,103
24037875202,35,20,32,44,33,77,48,13,51,144,137,580,333,139,223,80
24037875300,164,70,30,38,7,80,27,30,6,155,117,161,193,39,64,122
24037875400,118,124,87,107,47,48,51,59,73,100,164,330,352,224,240,402
24037875500,59,97,74,37,118,38,66,51,131,209,265,473,383,232,374,291
24037875600,47,99,29,154,87,47,61,107,162,230,250,544,469,306,448,238
24037875700,36,35,79,37,26,16,107,91,13,242,206,351,515,234,348,253
24037875801,3,0,10,0,25,5,20,28,4,48,28,69,33,14,0,0
24037875802,15,7,15,11,11,65,22,31,35,48,140,287,241,243,199,172
24037875901,159,69,13,69,85,31,85,94,42,138,365,468,385,217,203,164
24037875902,137,139,133,56,223,280,46,108,90,204,308,381,323,165,119,123
24037876001,226,95,24,79,55,30,97,86,166,212,238,342,161,66,18,42
24037876002,196,45,86,51,78,166,114,184,48,112,224,607,329,441,276,165
24037876100,184,70,128,59,79,48,91,45,44,123,246,320,290,301,456,379
24037876200,35,76,31,127,105,50,48,18,0,146,198,494,265,129,374,125
24037990000,0,0,0,0,0,0,0,0,0,0,0,0,0,0,0,0
24039930101,481,228,172,193,109,169,66,121,14,190,181,258,38,17,13,21
24039930102,82,138,89,78,58,83,95,80,58,115,196,182,140,35,56,27
24039930200,69,42,103,68,60,46,34,53,84,46,60,57,16,0,16,0
24039930300,86,41,22,69,62,65,146,47,46,108,111,81,22,67,60,47
24039930500,113,60,139,103,90,96,47,66,31,176,164,263,105,59,45,8
24039930600,272,126,67,115,66,44,50,30,68,92,97,137,44,0,12,0
24039980400,0,0,0,0,0,11,0,0,6,0,0,0,0,0,0,0
24039990100,0,0,0,0,0,0,0,0,0,0,0,0,0,0,0,0
24041960100,100,38,70,65,66,120,39,91,31,75,274,222,186,105,96,51
24041960201,53,94,156,136,70,81,21,121,19,66,115,188,154,77,167,364
24041960300,118,121,52,151,154,130,55,87,45,211,191,71,63,77,43,33
24041960400,168,110,72,127,150,230,180,134,80,252,188,233,158,83,43,62
24041960501,25,48,60,76,113,98,31,101,15,159,152,308,285,73,115,75
24041960502,76,18,69,43,45,55,31,25,33,250,264,281,214,141,120,37
24041960600,3,27,62,36,31,36,47,6,30,36,63,120,58,39,70,113
24041960700,55,67,107,67,39,89,105,41,65,167,220,218,100,155,81,144
24041960800,14,57,38,29,83,23,23,84,11,69,77,125,33,62,102,66
24041960900,77,52,84,93,64,55,63,90,66,112,242,179,194,139,94,197
24041990000,0,0,0,0,0,0,0,0,0,0,0,0,0,0,0,0
24043000100,70,19,32,66,120,38,66,24,58,94,243,237,100,92,82,49
24043000200,11,126,68,159,30,148,128,71,87,186,170,249,204,52,59,11
24043000301,49,72,110,118,93,103,20,112,47,88,167,190,92,15,0,40
24043000302,89,185,111,114,33,36,96,41,75,102,88,64,37,9,0,0
24043000400,206,254,172,64,63,62,33,43,0,41,14,19,28,0,0,4
24043000500,113,154,161,302,136,249,115,92,85,87,302,223,129,74,10,36
24043000601,57,50,64,147,155,78,23,123,26,26,65,139,38,51,13,29
24043000602,61,55,157,131,84,126,104,91,103,128,188,159,53,55,10,6
24043000700,214,201,164,170,124,25,88,9,43,123,87,31,0,39,18,0
24043000800,266,139,131,126,61,60,93,46,76,102,209,216,56,20,25,0
24043000900,203,256,101,90,55,24,23,122,55,98,95,72,44,47,0,0
24043001001,266,137,169,86,177,147,131,85,85,196,240,165,144,84,32,22
24043001002,62,50,84,77,111,46,64,60,77,144,233,235,133,64,60,23
24043010100,7,28,20,30,0,37,23,10,31,46,79,91,27,26,3,0
24043010200,83,78,58,79,51,54,33,43,102,163,131,393,181,131,72,131
24043010300,95,41,83,90,37,63,138,93,132,184,490,430,357,239,346,75
24043010400,138,94,118,97,168,50,90,188,251,202,372,364,252,127,95,102
24043010500,55,81,71,96,91,217,216,91,198,163,281,369,316,96,0,37
24043010600,39,29,30,55,70,68,108,104,166,128,365,253,103,133,88,26
24043010700,79,119,94,96,94,70,95,95,80,126,177,220,55,49,28,0
24043010801,58,50,41,103,68,104,102,89,92,190,213,294,260,58,47,18
24043010802,94,104,37,31,59,23,42,61,118,156,91,98,67,29,22,16
24043010900,30,134,74,113,118,163,190,71,130,263,359,567,352,242,148,155
24043011000,0,0,0,0,0,0,0,0,0,0,0,0,0,0,0,0
24043011100,253,111,99,96,88,188,144,159,134,215,234,334,121,169,125,12
24043011201,212,126,225,151,107,167,133,33,133,230,484,558,312,236,209,205
24043011202,61,27,64,92,105,124,62,85,55,148,275,164,207,32,81,35
24043011301,18,39,158,38,54,96,40,83,107,153,224,248,220,125,150,58
24043011302,42,10,27,71,39,34,23,31,15,41,240,185,195,100,174,226
24043011400,37,74,69,121,62,103,108,145,116,94,206,335,271,114,178,150
24043011500,101,69,125,121,138,82,27,140,61,213,347,440,411,222,349,171
24043011600,47,27,40,31,60,41,47,51,0,131,127,208,175,56,58,24
24045000100,163,117,166,215,197,139,168,76,134,119,222,148,88,55,0,12
24045000200,64,39,82,29,68,112,38,33,33,51,77,121,45,12,29,9
24045000300,134,97,39,41,26,65,69,14,7,11,64,4,13,0,0,5
24045000400,104,124,150,141,122,65,104,22,34,76,150,195,120,55,36,36
24045000500,67,79,145,52,71,36,41,58,35,105,118,87,23,37,6,0
24045010101,97,104,69,290,137,143,83,182,12,222,257,317,133,133,97,11
24045010102,83,49,43,147,108,81,85,48,45,160,60,189,96,36,42,56
24045010200,353,170,177,202,155,107,152,51,101,122,176,118,187,35,26,9
24045010300,158,43,57,128,100,60,46,77,180,170,368,311,427,262,205,264
24045010400,86,231,102,129,46,52,197,60,109,112,263,164,179,74,103,133
24045010501,63,129,76,25,93,59,30,121,126,149,393,316,145,25,75,36
24045010502,378,162,333,243,159,120,268,250,70,409,246,348,194,26,25,0
24045010603,113,87,113,160,117,261,97,185,80,493,419,398,172,32,62,151
24045010604,86,115,123,126,147,130,158,88,75,188,131,351,107,71,90,17
24045010605,79,15,6,15,55,56,59,76,24,79,187,194,344,82,82,250
24045010606,29,0,78,12,71,82,73,100,50,79,238,349,187,76,41,15
24045010701,41,61,34,87,121,159,37,65,60,104,190,165,137,123,45,49
24045010702,241,138,149,280,240,190,85,56,89,260,361,382,159,134,154,28
24045010800,238,113,23,165,145,0,73,63,59,324,276,212,257,145,62,112
24047950000,23,40,60,9,99,60,10,0,32,66,76,54,22,163,13,125
24047950100,38,35,11,70,35,5,3,78,43,96,70,72,65,54,151,65
24047950300,35,76,84,51,141,148,17,103,127,147,135,101,120,43,68,124
24047950400,9,8,11,34,112,109,13,19,0,51,82,271,101,71,62,109
24047950600,50,60,29,54,33,96,47,102,58,114,176,162,83,142,22,45
24047950700,10,73,15,43,0,45,15,27,19,28,112,212,181,34,98,37
24047950800,120,83,98,51,83,64,43,130,129,183,211,308,197,81,130,95
24047950900,92,22,27,38,126,68,33,55,3,54,61,99,17,20,17,38
24047951000,28,133,96,134,104,80,112,53,10,83,167,161,131,24,59,54
24047951100,81,25,46,121,117,119,145,80,52,223,379,479,347,109,189,117
24047951200,56,76,48,20,108,112,35,59,62,76,127,178,159,91,56,28
24047951300,122,122,27,53,88,47,31,82,62,78,128,94,58,28,43,20
24047951400,55,56,90,35,100,104,95,63,15,107,144,162,110,65,85,53
24047951500,246,105,128,187,99,152,143,63,86,172,226,145,74,65,26,34
24047951700,72,105,138,48,77,80,42,33,52,182,166,142,128,65,77,78
24047980000,0,0,0,0,0,0,0,0,0,0,0,0,0,0,0,0
24047990000,0,0,0,0,0,0,0,0,0,0,0,0,0,0,0,0
24510010100,35,23,32,61,31,46,52,23,27,84,147,178,276,112,99,197
24510010200,70,62,13,53,73,0,50,97,50,72,180,250,244,105,65,59
24510010300,48,7,17,42,29,8,9,24,31,81,145,128,136,127,108,91
24510010400,30,12,27,8,26,65,31,68,73,63,143,166,158,119,119,133
24510010500,75,27,42,0,13,9,9,12,55,56,71,86,105,65,115,76
24510020100,45,27,20,33,18,16,53,9,37,29,77,203,98,78,94,68
24510020200,57,41,15,20,42,32,48,41,32,54,91,146,76,43,42,27
24510020300,197,62,79,98,0,76,69,0,16,152,381,243,218,119,111,224
24510030100,414,101,67,25,53,83,47,40,42,24,65,58,8,7,20,0
24510030200,112,59,65,59,70,85,23,8,15,43,27,141,126,54,87,126
24510040100,410,65,28,130,116,83,119,102,154,316,263,193,184,30,75,36
24510040200,190,4,21,25,38,19,8,0,16,34,37,36,3,0,0,0
24510060100,165,30,31,62,63,31,65,8,21,76,50,132,81,23,45,43
24510060200,111,75,68,31,16,57,63,23,79,160,73,168,135,11,87,30
24510060300,97,39,15,53,19,15,11,4,47,54,68,105,62,28,48,31
24510060400,140,70,35,35,0,66,23,20,47,19,0,31,34,50,26,9
24510070100,179,21,36,17,53,42,0,63,51,107,74,70,46,5,12,0
24510070200,113,105,160,139,34,38,87,50,45,53,138,0,37,20,14,8
24510070300,111,21,33,20,4,45,15,7,7,7,0,17,0,17,14,0
24510070400,96,107,65,23,20,38,19,19,13,11,16,6,0,0,0,0
24510080101,71,57,90,106,76,17,81,20,41,130,122,174,125,81,75,27
24510080102,110,16,11,43,44,42,64,67,12,85,40,51,46,5,12,0
24510080200,148,50,36,25,40,22,44,9,41,57,62,21,4,9,0,0
24510080301,47,59,89,29,31,64,67,8,20,63,30,30,17,0,0,2
24510080302,316,137,108,88,84,113,37,65,4,70,70,15,41,0,0,9
24510080400,157,25,15,75,70,14,14,47,6,0,14,36,0,0,0,0
24510080500,28,43,79,82,5,78,38,30,49,7,72,53,3,0,5,0
24510080600,146,94,47,31,134,85,92,50,62,24,41,45,0,0,0,10
24510080700,83,53,45,46,33,6,10,0,27,0,5,0,6,7,0,0
24510080800,71,52,30,26,11,16,68,3,0,50,21,4,3,0,3,0
24510090100,210,211,126,119,79,162,70,59,98,175,119,129,56,25,88,16
24510090200,118,39,24,29,68,29,27,111,30,98,99,327,141,46,22,47
24510090300,244,150,150,190,69,17,81,63,27,83,132,243,252,26,73,3
24510090400,119,23,94,49,91,48,59,18,32,46,14,43,27,0,0,9
24510090500,86,54,38,56,37,21,44,109,7,49,37,38,11,17,58,15
24510090600,111,44,71,65,36,84,98,62,69,130,77,65,30,46,14,0
24510090700,201,92,18,69,143,53,43,116,42,140,24,72,34,22,0,0
24510090800,162,95,141,108,49,80,98,35,22,53,160,30,58,0,15,0
24510090900,246,146,26,61,53,45,26,5,23,63,65,60,43,18,0,0
24510100100,264,85,32,104,53,77,23,22,36,19,51,52,49,27,0,0
24510100200,549,139,115,57,77,26,9,52,15,18,91,44,0,15,0,0
24510100300,0,0,0,0,0,0,0,0,0,0,0,0,0,0,0,0
24510110100,289,39,76,104,316,40,48,235,122,130,280,154,117,0,46,17
24510110200,525,611,144,210,91,216,79,74,102,386,272,268,123,73,228,31
24510120100,217,95,42,117,189,57,183,163,108,150,200,255,197,95,188,327
24510120201,99,101,74,72,11,39,10,59,15,57,85,148,68,32,45,49
24510120202,556,172,166,129,68,179,51,69,111,173,39,106,81,20,42,67
24510120300,174,149,102,45,39,133,94,57,78,160,155,87,63,0,66,38
24510120400,46,63,69,20,26,34,12,43,29,79,49,15,18,0,20,0
24510120500,194,76,76,51,38,87,44,95,13,23,66,51,38,27,7,26
24510120600,677,183,71,101,109,64,104,53,58,76,47,49,41,8,27,22
24510120700,130,37,68,79,83,38,12,41,97,118,79,123,125,4,21,10
24510130100,279,185,70,181,77,123,64,167,19,91,32,37,56,86,0,22
24510130200,197,123,51,42,126,104,108,12,9,85,132,51,129,55,7,28
24510130300,164,95,52,82,24,62,57,18,64,92,28,65,7,11,6,0
24510130400,131,109,29,31,46,66,71,47,23,34,83,7,34,33,53,3
24510130600,64,57,82,79,59,97,70,168,15,137,205,239,186,103,152,41
24510130700,225,142,65,111,170,68,88,166,52,114,253,350,279,199,103,56
24510130803,37,27,47,20,28,51,23,109,57,269,189,125,143,27,32,31
24510130804,51,77,30,29,32,21,53,52,27,101,113,109,82,48,49,12
24510130805,79,64,36,20,47,26,17,0,31,56,96,69,49,19,18,0
24510130806,18,58,25,59,14,0,21,36,45,35,44,105,26,19,41,69
24510140100,497,109,147,219,93,74,58,102,38,99,169,186,114,155,104,220
24510140200,333,151,77,162,22,65,28,35,0,25,28,0,0,22,10,0
24510140300,252,127,97,91,31,35,37,64,31,38,71,27,20,11,6,5
24510150100,327,100,132,57,56,82,17,116,65,44,69,26,49,4,0,0
24510150200,91,70,101,127,46,6,81,51,8,54,146,54,7,0,0,0
24510150300,123,45,72,50,26,105,46,65,28,61,66,28,26,0,30,0
24510150400,183,133,63,35,67,88,45,105,41,32,70,91,55,0,0,24
24510150500,85,42,52,79,78,61,33,55,16,40,43,71,19,27,0,0
24510150600,208,188,20,82,88,105,16,18,60,35,42,34,18,8,0,0
24510150701,95,11,9,32,18,37,48,43,20,57,71,33,19,66,18,15
24510150702,51,89,59,39,32,49,39,71,10,90,129,77,34,38,41,0
24510150800,252,100,179,39,123,80,167,48,163,88,72,110,59,47,15,9
24510150900,138,64,96,96,35,7,48,86,31,88,18,171,54,30,29,58
24510151000,195,261,99,125,61,193,72,19,33,191,125,79,74,44,115,11
24510151100,330,145,259,197,101,180,173,265,164,117,156,372,93,176,49,0
24510151200,516,353,92,61,148,89,16,131,19,46,86,92,96,53,0,8
24510151300,371,189,117,58,41,86,51,116,59,183,70,108,36,17,15,0
24510160100,276,178,151,149,42,13,49,45,6,80,28,24,0,0,19,24
24510160200,158,60,39,80,80,41,76,45,13,133,135,66,0,11,9,0
24510160300,97,35,16,58,158,0,0,4,17,69,25,0,18,0,0,0
24510160400,148,92,68,81,34,47,68,35,12,70,82,14,63,16,0,0
24510160500,117,231,123,136,89,122,24,17,108,88,178,134,21,0,0,0
24510160600,244,219,28,56,80,75,39,26,49,55,57,104,14,0,0,7
24510160700,300,144,214,114,53,48,61,173,66,51,149,120,118,22,14,0
24510160801,88,94,100,113,43,28,170,28,75,107,92,113,11,0,44,0
24510160802,157,22,101,49,103,94,93,0,121,54,64,38,65,26,14,15
24510170100,204,51,61,69,54,43,39,62,7,68,60,68,56,11,0,11
24510170200,778,185,122,52,102,44,30,46,44,20,51,20,11,10,0,0
24510170300,160,50,118,74,17,36,6,54,8,59,122,7,56,0,12,0
24510180100,265,146,137,50,70,72,5,28,47,0,18,0,5,0,7,0
24510180200,161,60,36,60,8,8,47,28,0,6,6,27,6,0,0,0
24510180300,205,41,84,76,29,11,15,44,32,46,100,127,20,26,0,11
24510190100,167,26,66,80,45,80,25,25,37,63,71,46,22,0,0,5
24510190200,89,34,92,40,62,7,13,48,12,56,87,43,20,45,44,16
24510190300,200,122,140,56,28,15,49,31,6,37,45,21,23,5,0,33
24510200100,29,71,52,47,29,59,37,4,0,69,37,9,30,0,24,6
24510200200,110,75,141,61,103,78,4,52,29,27,62,58,11,13,0,0
24510200300,110,51,49,112,49,21,25,11,19,11,26,0,9,13,0,0
24510200400,186,95,31,20,7,56,11,29,28,61,71,26,27,0,4,0
24510200500,200,178,94,56,54,78,111,22,70,64,15,49,6,31,0,0
24510200600,83,107,68,71,57,70,21,37,73,41,135,75,48,21,19,0
24510200701,222,152,140,84,83,103,112,101,71,174,205,100,21,41,38,0
24510200702,118,42,4,21,49,17,0,28,12,14,94,53,45,0,0,0
24510200800,192,85,17,12,75,50,50,0,18,63,102,65,23,50,25,0
24510210100,96,32,55,24,43,84,15,28,34,180,113,102,47,81,27,16
24510210200,207,109,60,162,26,43,76,49,35,153,126,122,88,41,45,2
24510220100,292,155,243,46,67,59,36,0,46,169,85,251,175,134,133,269
24510230100,76,109,9,36,23,0,0,52,117,34,48,115,93,48,63,50
24510230200,37,40,16,18,28,20,15,49,8,84,124,98,189,135,103,73
24510230300,40,14,34,30,0,16,16,32,22,11,52,71,23,38,36,23
24510240100,86,47,22,22,61,17,0,25,35,97,82,136,116,193,199,169
24510240200,41,15,34,26,10,26,0,52,46,77,101,180,161,116,195,255
24510240300,22,80,81,31,0,11,6,14,0,95,72,76,134,130,69,242
24510240400,43,20,34,15,13,17,34,32,41,108,138,206,191,99,237,85
24510250101,63,23,73,74,102,121,104,36,150,185,131,193,79,57,31,6
24510250102,30,56,85,57,122,137,24,0,39,202,189,117,37,0,0,11
24510250103,241,199,60,73,95,70,69,47,38,107,125,244,136,82,28,0
24510250203,123,76,57,61,27,82,41,37,77,36,56,73,46,0,9,10
24510250204,593,255,123,54,182,104,34,32,56,76,33,10,0,0,0,0
24510250205,114,209,97,43,96,48,85,85,140,146,115,254,10,66,9,33
24510250206,28,117,71,21,57,65,58,28,23,84,177,90,74,46,0,5
24510250207,104,50,77,121,101,123,52,7,65,55,85,45,38,0,0,0
24510250301,111,40,88,73,43,18,13,82,28,38,49,82,66,10,18,0
24510250303,88,92,80,25,25,24,45,103,40,50,78,46,48,26,0,33
24510250401,117,115,93,62,224,53,53,33,61,96,156,14,40,103,43,0
24510250402,239,193,147,174,132,67,70,119,92,118,206,120,54,19,0,7
24510250500,238,190,158,129,110,139,145,96,118,168,264,172,75,50,28,0
24510250600,0,0,0,0,0,0,0,0,0,0,0,0,0,0,0,0
24510260101,247,113,30,94,105,80,120,164,59,165,234,257,130,48,31,8
24510260102,97,71,94,83,90,83,158,36,148,136,292,245,134,57,85,27
24510260201,377,126,113,76,171,207,174,120,115,212,188,181,71,38,12,0
24510260202,313,320,140,354,247,157,192,55,106,107,132,277,100,0,11,0
24510260203,147,74,103,29,47,86,35,64,13,74,117,153,18,11,0,11
24510260301,232,128,89,85,115,63,93,104,104,144,199,95,154,46,16,0
24510260302,209,223,176,50,134,136,147,108,108,126,391,222,79,19,147,0
24510260303,75,66,64,0,6,22,63,0,0,18,5,24,7,0,0,0
24510260401,162,106,186,129,105,50,53,56,110,77,50,92,90,12,0,0
24510260402,85,76,80,63,82,47,31,5,43,130,80,121,121,9,0,0
24510260403,105,53,22,86,44,117,20,84,30,77,42,103,38,32,3,0
24510260404,68,78,40,33,33,55,28,53,32,64,50,50,39,0,11,0
24510260501,127,171,216,48,70,90,94,183,54,103,202,173,62,83,76,10
24510260604,221,17,41,46,37,34,16,42,20,33,10,0,0,7,4,0
24510260605,245,97,104,154,207,133,114,66,32,156,158,219,119,25,16,42
24510260700,88,24,78,102,6,118,42,50,34,52,64,41,31,22,19,13
24510260800,128,45,46,23,58,44,90,76,42,46,114,77,12,70,13,0
24510260900,113,20,19,43,39,12,15,38,101,11,135,262,116,121,96,84
24510261000,132,97,72,10,24,26,15,154,10,31,65,63,110,0,41,31
24510261100,18,57,35,38,27,46,12,38,11,45,54,155,104,96,76,159
24510270101,39,17,34,40,18,33,13,24,65,46,42,80,56,76,44,6
24510270102,67,48,13,47,89,184,41,47,73,135,232,381,70,54,25,13
24510270200,59,12,0,19,26,56,21,13,45,63,99,24,119,41,63,32
24510270301,84,77,42,50,19,48,17,48,24,180,100,223,83,22,96,17
24510270302,5,54,4,19,33,3,60,31,35,33,80,105,28,47,40,14
24510270401,59,145,141,68,109,91,55,13,35,173,317,347,328,175,42,0
24510270402,115,0,48,40,0,115,72,28,24,121,150,260,84,99,96,23
24510270501,44,84,87,79,50,43,39,37,70,119,281,354,267,80,73,31
24510270502,39,65,84,39,75,158,29,91,29,221,242,321,146,58,100,8
24510270600,124,86,95,37,80,54,135,88,68,108,283,224,133,90,150,12
24510270701,112,94,106,21,160,80,56,71,161,109,156,82,0,0,0,0
24510270702,61,28,111,58,82,106,18,35,20,25,98,190,15,7,29,19
24510270703,96,78,26,31,44,27,38,40,34,70,118,165,151,52,92,34
24510270801,104,0,59,52,110,88,101,84,113,243,176,285,131,56,16,11
24510270802,98,113,204,74,228,26,114,154,102,253,331,36,35,11,86,15
24510270803,468,375,123,30,27,120,73,179,18,460,460,218,30,116,0,0
24510270804,296,40,63,89,70,67,20,50,57,100,146,195,122,25,47,21
24510270805,195,61,51,72,198,101,141,128,42,290,230,267,155,8,9,31
24510270901,60,75,117,145,68,64,71,86,31,90,285,170,141,81,44,12
24510270902,78,25,44,72,16,49,92,131,51,76,218,239,125,33,51,66
24510270903,92,0,36,77,99,133,28,100,23,167,156,99,47,76,9,36
24510271001,147,61,71,87,26,72,75,16,63,73,87,99,25,4,15,16
24510271002,221,159,108,72,56,194,76,118,38,170,177,103,26,58,31,4
24510271101,195,44,86,37,34,11,10,16,100,42,66,108,56,35,43,14
24510271102,35,0,0,0,14,8,0,0,0,5,25,42,28,57,70,175
24510271200,91,63,118,54,89,53,13,57,102,160,145,201,114,263,212,672
24510271300,29,29,12,9,0,24,0,51,25,31,103,142,114,143,146,338
24510271400,71,62,28,20,92,64,19,42,40,66,120,131,115,92,160,432
24510271501,90,28,59,39,45,23,17,73,95,103,222,140,129,220,237,342
24510271503,9,9,13,27,10,28,26,25,45,25,79,82,35,60,49,47
24510271600,291,93,157,148,151,78,17,42,10,122,151,98,97,0,18,8
24510271700,313,27,183,279,63,165,57,182,91,140,145,190,103,0,13,0
24510271801,300,159,113,53,74,43,36,124,31,29,59,70,126,102,0,0
24510271802,151,56,93,39,53,109,26,58,74,53,89,20,32,22,14,0
24510271900,124,111,141,18,42,64,74,45,37,163,191,173,106,91,103,48
24510272003,33,197,30,61,138,76,120,123,65,158,273,260,207,118,129,63
24510272004,130,40,173,220,143,68,28,115,37,183,312,215,162,63,15,95
24510272005,36,59,59,10,70,126,88,195,34,134,81,187,80,46,76,58
24510272006,448,192,84,138,137,44,180,20,29,150,78,146,71,20,37,21
24510272007,157,139,133,127,98,84,114,92,146,198,242,111,148,73,6,38
24510280101,125,197,93,16,26,68,88,69,96,188,111,164,51,28,25,12
24510280102,289,228,213,53,156,238,441,96,67,137,169,138,55,40,14,40
24510280200,54,170,96,163,55,67,137,40,106,175,147,251,165,48,88,11
24510280301,381,148,109,149,84,132,82,138,125,193,109,97,65,10,14,38
24510280302,140,88,27,77,52,47,22,101,25,74,56,83,2,18,16,75
24510280401,39,112,88,65,61,146,81,7,153,112,176,156,94,56,93,8
24510280402,63,10,59,103,13,84,18,34,51,18,66,88,18,11,30,0
24510280403,179,158,102,99,109,184,19,173,37,295,222,289,173,48,33,95
24510280404,75,47,94,4,26,80,59,30,59,57,71,70,92,17,19,0
24510280500,546,196,71,56,4,35,6,22,10,37,11,42,28,0,0,14
